Nr;DateTime;SPY Open;SPY High;SPY Low;SPY Close;SPY Volume;SPY Yield C/O;^GDAXI Open;^GDAXI High;^GDAXI Low;^GDAXI Close;^GDAXI Volume;^GDAXI Yield C/O
1;2000/01/03 12:00:000;148,25;148,25;137,25;145,75;8545100;-1,7007212647233112;6961,72;7159,33;6388,91;6780,96;0;-2,6307885403075097
2;2000/01/10 12:00:000;146,25;147,47;142,88;146,97;6549700;0,4910998206627138;6785,47;7207,45;6783,22;7173,22;0;5,55710859068922
5;2000/01/24 12:00:000;145,66;145,84;135,53;135,88;9167200;-6,950299549738589;6987,59;7214,58;6809,64;7066,6;0;1,124374046171089
6;2000/01/31 12:00:000;135,81;144,0;135,0;142,59;7663400;4,871652917805074;7054,24;7491,79;6816,54;7444,61;0;5,386142612913533
7;2000/02/07 12:00:000;142,56;144,56;138,03;138,69;7166800;-2,7521737054255406;7450,79;7812,09;7263,19;7611,55;0;2,1346763464966134
8;2000/02/14 12:00:000;139,78;141,22;134,63;135,31;9089100;-3,2501315773430064;7569,01;7699,97;7342,65;7573,78;0;0,06300028142460375
11;2000/02/28 12:00:000;133,38;141,72;132,72;141,13;9775700;5,647925422175541;7732,9;8022,48;7492,23;7960,03;0;2,894881474200497
12;2000/03/06 12:00:000;140,81;142,0;135,03;140,13;11452600;-0,4840900747093927;7960,09;8136,16;7877,19;7975,95;0;0,19904575084323475
13;2000/03/13 12:00:000;136,69;148,0;135,69;146,94;12995900;7,230875202756973;7977,06;7991,07;7411,76;7710,92;0;-3,3932416517633186
14;2000/03/20 12:00:000;146,88;155,75;144,5;153,56;11498400;4,447544326041661;7716,24;7949,72;7677,08;7932,42;0;2,763096057256285
15;2000/03/27 12:00:000;153,38;153,78;147,13;150,38;8124300;-1,9753078386832374;7932,71;8031,21;7522,7;7599,39;0;-4,292673658072042
16;2000/04/03 12:00:000;150,13;153,0;141,39;151,44;9776600;0,8687921476853895;7599,78;7641,53;7205,86;7522,2;0;-1,0260651136983774
17;2000/04/10 12:00:000;151,75;153,11;133,5;136,0;14247900;-10,957954420355563;7534,91;7614,81;7168,9;7214,83;0;-4,340825782232272
18;2000/04/17 12:00:000;135,19;145,13;134,69;143,81;12519600;6,181178752197427;7201,66;7305,94;6890,96;7157,95;0;-0,608792787567429
23;2000/05/08 12:00:000;142,75;143,47;137,75;142,81;6806000;0,042022692872213406;7532,97;7532,97;7013,7;7269,28;0;-3,5632136856527192
24;2000/05/15 12:00:000;142,75;147,72;140,41;141,13;5876900;-1,1413397110203993;7266,08;7398,48;6958,92;6989,03;0;-3,887516697746049
25;2000/05/22 12:00:000;141,25;141,81;136,5;138,0;8598600;-2,327768486934565;6983,46;7040,57;6794,08;6839,33;0;-2,0854722340003637
28;2000/06/05 12:00:000;147,47;148,22;145,63;146,59;5116900;-0,5985190960909732;7456,22;7486,4;7211,97;7246,79;0;-2,848997118639801
29;2000/06/12 12:00:000;146,97;148,88;144,63;146,59;5621400;-0,25889100166534146;7251,29;7388,24;7173,64;7252,58;0;0,017788355844347757
30;2000/06/19 12:00:000;146,47;149,16;143,88;144,38;5411100;-1,4371916619200837;7134,17;7270,2;6976,97;6980,41;0;-2,178826189720795
31;2000/06/26 12:00:000;145,38;146,98;143,52;145,28;5694800;-0,06880892035061562;6986,89;7085,27;6851,84;6882,44;0;-1,506229568851189
32;2000/07/03 12:00:000;145,44;148,78;144,22;148,09;3295700;1,8056566620243277;6912,97;7090,11;6842,61;7044,77;0;1,8886140246367564
33;2000/07/10 12:00:000;147,88;151,25;147,16;151,25;4965700;2,2532962842519813;7052,68;7342,22;6955,58;7321,94;0;3,746763374954349
34;2000/07/17 12:00:000;150,98;151,98;147,69;147,69;5434600;-2,203189527325985;7320,1;7503,32;7303,91;7378,86;0;0,7995166053615138
35;2000/07/24 12:00:000;148,13;148,86;141,52;142,09;7266000;-4,162960694397684;7377,98;7428,17;7076,37;7128,3;1000000;-3,4427111584145624
36;2000/07/31 12:00:000;142,94;146,72;142,06;146,38;4989100;2,3781018381248327;7135,39;7251,88;6954,6;7016,59;1000000;-1,6789564526336416
37;2000/08/07 12:00:000;146,72;149,22;145,56;147,41;4497000;0,46918115510321684;7020,65;7327,22;7020,65;7322,98;1000000;4,216154261019523
38;2000/08/14 12:00:000;147,78;150,44;147,06;149,69;4800300;1,2841807566642918;7323,87;7380,19;7214,68;7232,42;1000000;-1,2565180166457033
39;2000/08/21 12:00:000;150,03;151,63;149,28;151,25;3658000;0,8098822812028765;7233,74;7333,09;7147,15;7307,17;1000000;1,0099866404319577
40;2000/08/28 12:00:000;151,25;153,59;150,34;152,5;4219900;0,8230499136515443;7320,93;7397,12;7168,52;7344,67;1000000;0,3237511010235142
43;2000/09/11 12:00:000;149,75;151,19;146,0;146,0;4776200;-2,53606152872223;7267,68;7273,3;6976,41;6999,54;1000000;-3,7592688335713933
44;2000/09/18 12:00:000;146,38;146,97;142,42;145,28;6393800;-0,7543065320097805;6959,93;6977,25;6468,46;6740,25;1000000;-3,207240060003181
45;2000/09/25 12:00:000;145,94;146,33;142,13;143,63;7716900;-1,5955029893742656;6739,28;6884,63;6716,84;6798,12;1000000;0,8693009076576269
46;2000/10/02 12:00:000;144,28;145,75;139,75;141,06;7119100;-2,2570524255305147;6800,07;6921,08;6712,48;6776,39;250000;-0,34883944729749394
47;2000/10/09 12:00:000;141,31;141,31;132,78;137,56;9014800;-2,689587303058937;6776,04;6776,04;6383,17;6661,3;0;-1,7078199820661302
48;2000/10/16 12:00:000;137,41;141,19;130,16;139,91;8105700;1,8030201401511552;6668,12;6725,33;6297,49;6615,9;40000;-0,7862118393209914
49;2000/10/23 12:00:000;139,94;141,94;134,03;139,28;7857400;-0,4727463857817018;6614,18;6930,36;6542,87;6924,68;460000;4,587601243166637
50;2000/10/30 12:00:000;138,44;143,91;138,16;142,78;8248400;3,086796530717105;6921,33;7152,45;6880,18;7128,27;1000000;2,946062054502099
51;2000/11/06 12:00:000;143,16;144,3;136,53;136,63;6920300;-4,668634354742856;7139,94;7185,66;6831,4;6851,69;1000000;-4,120903578146085
52;2000/11/13 12:00:000;135,63;140,11;133,02;136,64;9405400;0,7419140065636126;6839,98;6976,63;6690,61;6752,29;1000000;-1,2903101045288201
53;2000/11/20 12:00:000;135,75;136,38;132,13;134,84;5572800;-0,6726068448184812;6755,23;6794,41;6474,5;6664,18;1000000;-1,3570104381136694
54;2000/11/27 12:00:000;136,47;136,69;129,75;132,22;7406200;-3,1637608344590404;6665,25;6804,22;6361,43;6512,91;1000000;-2,312110135258187
55;2000/12/04 12:00:000;131,88;139,47;131,5;133,97;9114600;1,5723476085364247;6507,64;6745,91;6343,45;6691,25;1000000;2,782383143217559
56;2000/12/11 12:00:000;137,38;139,56;130,56;130,97;6848500;-4,778251944442392;6702,25;6813,3;6331,3;6331,3;1000000;-5,693770459890451
57;2000/12/18 12:00:000;132,06;134,97;125,53;130,94;10272100;-0,8517161753480038;6337,81;6505,75;6110,26;6251,4;400000;-1,3727844244313658
60;2001/01/02 12:00:000;132,0;136,0;127,56;129,19;12574800;-2,151773361416104;6431,14;6556,94;6172,44;6382,31;0;-0,7621715678431676
61;2001/01/08 12:00:000;129,88;133,72;127,69;132,0;7112500;1,619097535172578;6368,83;6552,52;6293,49;6490,03;0;1,8851373956816027
64;2001/01/22 12:00:000;134,25;137,31;133,56;135,88;7933800;1,206840990340901;6652,46;6775,26;6594,19;6695,2;0;0,6404140662048218
65;2001/01/29 12:00:000;135,5;138,7;134,75;134,8;7999500;-0,5179441841548861;6699,1;6795,14;6624,19;6638,2;0;-0,9132346614857132
66;2001/02/05 12:00:000;134,8;136,7;131,26;131,84;6612900;-2,2203132317045116;6633,78;6693,45;6497,07;6497,07;0;-2,0823471434910297
67;2001/02/12 12:00:000;131,7;134,17;129,3;130,4;6631300;-0,9919959256682696;6498,93;6603,17;6439,26;6439,26;0;-0,9223921284708262
70;2001/02/26 12:00:000;125,8;127,84;121,75;123,61;12996100;-1,7561896366608412;6079,97;6284,81;6052,01;6159,02;0;1,2917912224660388
71;2001/03/05 12:00:000;124,15;127,75;123,11;123,36;6931400;-0,6383602139156317;6172,35;6342,54;6134,02;6204,42;0;0,5182300676714482
72;2001/03/12 12:00:000;122,34;122,5;114,81;115,01;23125800;-6,178497270992879;6202,37;6202,37;5663,54;5734,49;0;-7,843265808383892
73;2001/03/19 12:00:000;115,76;118,46;108,04;114,48;17128500;-1,1118947075032943;5732,85;5805,71;5351,48;5544,67;0;-3,3375683315560725
74;2001/03/26 12:00:000;115,7;118,65;112,14;116,69;11004300;0,8520211618384923;5557,82;5944,25;5557,82;5829,95;0;4,780247895068075
75;2001/04/02 12:00:000;116,3;117,38;109,3;113,3;14948300;-2,6133891490658163;5843,37;5912,26;5383,99;5698,88;0;-2,5038020897058364
76;2001/04/09 12:00:000;114,0;118,99;112,78;118,85;12215800;4,166374541170743;5695,77;6019,26;5657,87;6002,3;0;5,24189350270077
79;2001/04/23 12:00:000;123,65;125,84;120,95;125,78;9054900;1,7079355147932018;6118,24;6186,68;6032,74;6175,24;0;0,9273274690181456
80;2001/04/30 12:00:000;126,45;127,69;123,44;127,34;10597800;0,7013701472905176;6176,73;6296,62;6001,51;6138,28;0;-0,6244432597260117
81;2001/05/07 12:00:000;126,86;127,5;124,4;125,15;7650400;-1,3571098327967779;6137,92;6222,24;6025,86;6141,02;0;0,05049295893397458
82;2001/05/14 12:00:000;124,9;130,08;124,46;129,74;10222500;3,801903065337748;6122,45;6226,58;5960,46;6186,87;0;1,0466961316940329
83;2001/05/21 12:00:000;129,84;132,09;127,9;128,1;9506500;-1,3491714303647329;6193,13;6337,47;6139,24;6223,57;0;0,49030839082895605
86;2001/06/04 12:00:000;126,8;129,23;126,08;127,0;8465900;0,1576044455465714;6134,1;6278,04;6134,1;6187,21;0;0,8620889974587425
87;2001/06/11 12:00:000;126,71;126,99;120,4;121,85;10686000;-3,91102307396017;6189,06;6225,84;5889,41;5915,18;0;-4,526128925503065
88;2001/06/18 12:00:000;121,65;124,31;120,89;122,85;10471700;0,9816029737656414;5921,61;5980,14;5812,7;5941,77;0;0,3398697404267365
89;2001/06/25 12:00:000;123,28;124,01;120,57;122,6;9322200;-0,5531167509749292;5928,5;6058,5;5758,69;6058,38;0;2,1671207694401313
90;2001/07/02 12:00:000;122,8;124,32;119,05;119,05;7252200;-3,1013442780170255;6053,81;6131,97;5846,63;5862,1;0;-3,2179924730823712
91;2001/07/09 12:00:000;119,49;122,32;117,09;122,24;10947000;2,275363955654782;5861,92;5939,85;5731,85;5928,01;0;1,121137992574701
92;2001/07/16 12:00:000;121,77;122,98;119,83;121,34;7776600;-0,35374970047641935;5927,45;5928,89;5684,56;5764,06;0;-2,7952016141474014
93;2001/07/23 12:00:000;121,8;121,88;116,75;120,81;10759900;-0,8161291744324087;5751,13;5844,07;5551,14;5754,86;0;0,06483579649668207
94;2001/07/30 12:00:000;121,19;123,25;120,3;121,94;10858600;0,616955849927406;5749,25;5930,45;5712,48;5735,88;0;-0,23282289429039418
95;2001/08/06 12:00:000;121,35;121,51;117,34;119,29;11578100;-1,7121428878755829;5734,24;5802,68;5387,34;5433,49;0;-5,387356909871005
96;2001/08/13 12:00:000;119,6;120,35;116,01;116,75;10293900;-2,4117944967524565;5441,1;5569,05;5174,3;5222,12;0;-4,107779659517866
97;2001/08/20 12:00:000;116,8;119,13;115,78;119,02;11416400;1,8828475822579405;5219,75;5423,54;5124,69;5387,5;0;3,163194740251836
98;2001/08/27 12:00:000;118,97;119,2;112,04;114,15;13865900;-4,135798751263;5397,64;5455,12;5132,27;5188,17;0;-3,9580787161348123
101;2001/09/10 12:00:000;107,7;110,35;93,8;97,28;34431900;-10,175616594448607;4725,16;4758,1;4115,98;4115,98;0;-13,802446393274327
103;2001/09/24 12:00:000;99,72;109,62;99,06;104,44;22365400;4,624648517557086;3792,86;4317,63;3792,86;4308,15;0;12,738822570146164
104;2001/10/01 12:00:000;103,9;108,97;102,83;107,23;26961300;3,1547162126872537;4315,06;4592,14;4157,6;4487,69;0;3,922686332962417
105;2001/10/08 12:00:000;106,27;110,3;105,52;109,5;20660100;2,994152387195185;4469,11;4742,18;4330,54;4625,13;0;3,4315195021468554
106;2001/10/15 12:00:000;108,63;111,15;106,01;107,35;19942900;-1,185308812086952;4619,59;4779,64;4445,64;4513,53;0;-2,3226404106398557
107;2001/10/22 12:00:000;107,3;111,79;106,74;110,32;20351900;2,775658384839353;4518,36;4874,31;4480,16;4820,26;0;6,467877237008264
108;2001/10/29 12:00:000;110,16;110,55;105,56;109,25;24082600;-0,8295020444699832;4812,6;4812,6;4457,72;4583,31;0;-4,881603409637578
109;2001/11/05 12:00:000;110,12;114,08;109,85;112,72;19470100;2,3336187316018173;4588,69;5005,95;4588,69;4910,07;0;6,769361803680562
110;2001/11/12 12:00:000;111,0;115,4;110,0;114,36;19308200;2,9821166141776834;4907,61;5114,4;4648,68;5062,64;0;3,110102478257624
111;2001/11/19 12:00:000;114,92;115,85;113,51;115,68;12005600;0,6591524299365696;5071,63;5212,03;5016,92;5150,97;0;1,5522781507500225
112;2001/11/26 12:00:000;115,75;116,9;113,0;114,05;16643500;-1,4795744235946393;5159,81;5217,47;4874,23;4989,91;0;-3,3481883581478336
113;2001/12/03 12:00:000;113,65;118,0;113,01;116,56;18899000;2,5282611588397126;4986,58;5341,86;4872,25;5199,03;0;4,172176567733162
114;2001/12/10 12:00:000;115,85;116,39;112,0;113,13;17323200;-2,3758650940009787;5200,54;5212,95;4901,04;4909,42;0;-5,760665779353006
115;2001/12/17 12:00:000;112,99;115,92;112,9;114,95;15327700;1,7197931988035813;4913,93;5115,79;4877,57;5019,01;0;2,1158674116301306
120;2002/01/07 12:00:000;117,7;117,99;114,7;114,94;13786400;-2,3728761186635605;5327,4;5347,12;5172,04;5209,97;0;-2,2289216692891243
121;2002/01/14 12:00:000;114,65;115,39;112,67;113,15;16779800;-1,3169637224367026;5206,23;5206,23;4974,58;5122,23;0;-1,626609428561387
124;2002/01/28 12:00:000;113,9;114,19;108,4;112,65;21753900;-1,1035203574883006;5156,52;5205,63;4980,7;5097,06;0;-1,1598030447299945
125;2002/02/04 12:00:000;112,23;112,23;108,0;110,09;26013300;-1,9252123945852673;5088,83;5093,49;4730,7;4835,95;0;-5,097034808870671
126;2002/02/11 12:00:000;110,05;112,97;109,82;110,89;17667300;0,7603910992653887;4845,24;4992,6;4834,15;4862,6;0;0,35764945661988123
129;2002/02/25 12:00:000;109,74;113,85;109,7;113,74;23686400;3,5801210247824273;4758,83;5116,14;4731,41;5097,41;0;6,873072788638117
130;2002/03/04 12:00:000;113,9;117,9;113,65;116,99;21861500;2,676759060637366;5107,87;5376,23;5107,87;5359,55;0;4,809752876204365
131;2002/03/11 12:00:000;116,89;117,9;115,63;116,65;16467700;-0,20553231522399243;5360,04;5403,28;5233,66;5401,11;0;0,7633050260703558
132;2002/03/18 12:00:000;117,1;117,74;114,12;115,04;18731500;-1,7748376630934963;5399,15;5467,31;5312,03;5366,13;0;-0,6134555451000797
133;2002/03/25 12:00:000;115,09;115,77;113,3;114,52;18500100;-0,49649507504855156;5361,2;5424,52;5289,93;5397,29;0;0,6709145126384496
136;2002/04/08 12:00:000;111,32;113,54;110,04;111,42;17839200;0,08979079349795528;5261,37;5290,87;5128,02;5189,65;0;-1,3725191586317063
137;2002/04/15 12:00:000;111,62;113,67;110,2;112,88;16211900;1,1225062184270929;5194,94;5378,27;5167,19;5284,55;0;1,7102394137979364
138;2002/04/22 12:00:000;112,38;112,43;107,29;107,39;19002700;-4,5418917813926925;5285,42;5285,42;4984,62;5000,38;0;-5,543817681704083
139;2002/04/29 12:00:000;107,93;109,91;106,63;107,58;19125100;-0,32481119921585627;4994,2;5066,97;4872,19;4882,77;0;-2,256455733444422
140;2002/05/06 12:00:000;107,64;109,36;104,9;105,72;22100400;-1,7998236122616675;4884,03;5028,59;4773,49;4871,7;0;-0,2527746578721055
141;2002/05/13 12:00:000;106,22;111,25;105,79;110,9;26865900;4,311647936206822;4861,15;5126,33;4832,86;5036,41;0;3,541849125326382
142;2002/05/20 12:00:000;110,64;110,69;108,0;108,69;14462400;-1,7781893781407234;5046,17;5059,42;4859,54;4899,13;0;-2,95719013707706
145;2002/06/03 12:00:000;107,09;107,6;101,72;103,34;23723700;-3,5645079553745074;4818,07;4850,38;4513,0;4610,18;0;-4,410653113783739
146;2002/06/10 12:00:000;103,24;104,54;98,5;101,4;26065600;-1,7983283693330239;4617,19;4686,13;4252,86;4303,85;0;-7,027632399044763
147;2002/06/17 12:00:000;101,92;105,03;98,68;99,28;23539600;-2,6244050927501448;4317,84;4503,8;4153,31;4232,4;0;-1,9986069166467144
148;2002/06/24 12:00:000;98,61;100,89;95,19;98,96;33647700;0,3543051739994587;4233,87;4388,27;3946,7;4382,56;0;3,4516560120146464
149;2002/07/01 12:00:000;99,18;99,8;93,72;99,31;26015800;0,13098898542793516;4377,1;4483,03;4101,58;4483,03;0;2,391275245183952
150;2002/07/08 12:00:000;98,98;99,7;90,32;91,85;39351300;-7,476099786260544;4475,89;4480,49;4039,23;4130,8;0;-8,023412181873248
151;2002/07/15 12:00:000;91,64;93,3;84,3;84,71;57941900;-7,863419914183528;4124,53;4152,45;3825,54;3891,88;0;-5,805974252956659
152;2002/07/22 12:00:000;84,1;85,93;77,68;85,6;77604800;1,7678716168793993;3888,11;3888,11;3265,96;3579,0;0;-8,283974659515772
153;2002/07/29 12:00:000;87,5;91,55;85,62;86,79;52807900;-0,8147385707415241;3584,51;3945,38;3496,49;3532,49;0;-1,4618779380064955
154;2002/08/05 12:00:000;86,49;91,94;83,55;91,29;49085900;5,401245225856895;3533,3;3760,86;3235,38;3760,86;0;6,241537620970085
155;2002/08/12 12:00:000;89,99;94,08;88,02;93,22;43004900;3,526373789873772;3750,26;3750,26;3542,06;3684,69;0;-1,7638773639993883
156;2002/08/19 12:00:000;93,46;97,15;93,1;94,6;35184600;1,2123938785552564;3681,67;3930,96;3628,46;3828,26;0;3,9043938278757504
157;2002/08/26 12:00:000;94,91;96,25;90,81;91,78;36293700;-3,353466517571338;3830,08;3900,11;3580,91;3712,94;0;-3,106167507829676
160;2002/09/09 12:00:000;89,1;93,33;88,25;89,67;37571700;0,6376930487192561;3480,57;3615,59;3275,28;3361,28;0;-3,48742196650752
161;2002/09/16 12:00:000;89,31;91,19;84,05;84,35;45066500;-5,713865470381747;3359,33;3445,59;2956,56;3065,73;0;-9,145583537986242
162;2002/09/23 12:00:000;83,65;85,97;81,85;82,75;58796300;-1,0817413175660757;3063,44;3106,09;2774,36;2918,9;0;-4,833163457277755
163;2002/09/30 12:00:000;82,0;85,77;79,58;80,8;64214800;-1,474228173720343;2906,6;2974,34;2677,61;2714,62;0;-6,833203278737988
164;2002/10/07 12:00:000;80,06;84,73;77,07;84,16;74346500;4,994339542497215;2710,33;2930,74;2519,3;2930,74;0;7,818455217229057
165;2002/10/14 12:00:000;83,2;89,3;83,04;88,64;60382500;6,333587517181076;2928,63;3226,25;2793,93;3163,67;0;7,719800922039299
166;2002/10/21 12:00:000;88,12;90,9;87,57;90,2;48078200;2,3329905134435593;3151,94;3299,01;2983,64;3102,01;0;-1,5967847805680773
167;2002/10/28 12:00:000;91,15;91,29;87,0;90,27;46822400;-0,9701321814608643;3105,29;3235,66;2999,6;3165,16;0;1,9096498471258514
168;2002/11/04 12:00:000;91,8;93,07;89,52;89,65;48168300;-2,369909757530285;3167,49;3443,49;3072,81;3079,1;0;-2,8302129651983097
169;2002/11/11 12:00:000;89,51;91,55;87,45;91,4;41234000;2,0895127577256827;3076,25;3232,07;2987,85;3191,76;0;3,686116606775182
170;2002/11/18 12:00:000;92,15;94,27;89,76;93,42;37214300;1,3687770958129637;3195,97;3337,34;3117,02;3320,88;0;3,8339166920545793
171;2002/11/25 12:00:000;93,43;94,95;91,62;93,98;33320200;0,586950086980535;3322,78;3403,4;3148,94;3320,32;0;-0,07406181187836489
172;2002/12/02 12:00:000;95,47;96,05;89,98;92,03;46981800;-3,6697451159176273;3332,73;3476,83;3108,76;3207,53;0;-3,8290617400822646
173;2002/12/09 12:00:000;91,07;91,62;89,27;89,34;36127600;-1,917912565575444;3206,36;3223,42;3034,12;3077,06;0;-4,116174167833574
174;2002/12/16 12:00:000;89,82;91,79;88,6;89,99;35101200;0,1890885386265281;3074,51;3222,4;2925,87;3024,22;0;-1,6492331973701233
175;2002/12/23 12:00:000;89,59;90,61;87,38;87,38;18306900;-2,4977283086197324;3022,31;3048,29;2840,0;2840,0;0;-6,221738748849239
176;2002/12/30 12:00:000;87,79;91,38;87,11;91,35;35185800;3,9750683885898113;2838,87;3124,86;2836,01;3092,94;0;8,571600920167507
177;2003/01/06 12:00:000;91,24;93,64;91,05;93,06;38180100;1,9751049000315208;3101,17;3157,25;2932,93;3037,33;0;-2,0800619618907867
178;2003/01/13 12:00:000;93,54;93,86;90,15;90,66;35265000;-3,1272906785037002;3039,91;3145,66;2918,26;2918,82;0;-4,064848469986287
181;2003/01/27 12:00:000;85,73;87,18;84,15;86,06;52737700;0,3841904719789028;2716,42;2753,26;2563,92;2747,83;0;1,1496672356978384
182;2003/02/03 12:00:000;86,14;86,81;82,97;83,42;47080600;-3,208579085716528;2750,4;2802,93;2561,73;2569,34;0;-6,809729905900555
183;2003/02/10 12:00:000;83,46;84,88;81,0;84,15;49141100;0,8233445473408723;2573,26;2711,59;2528,9;2674,46;0;3,857391325758023
186;2003/02/24 12:00:000;84,93;85,23;82,22;84,9;43995800;-0,035329447461628596;2648,49;2648,55;2433,15;2547,05;0;-3,9053839530214773
187;2003/03/03 12:00:000;85,26;85,78;81,43;83,32;44618800;-2,301679494429321;2553,74;2600,76;2393,59;2431,66;0;-4,898479963290189
188;2003/03/10 12:00:000;82,6;84,77;79,38;84,13;57529200;1,835354103578977;2437,32;2482,14;2188,75;2403,19;0;-1,4102053548745233
189;2003/03/17 12:00:000;83,46;89,88;83,22;89,67;65425500;7,17687898005497;2398,11;2731,57;2327,87;2715,06;0;12,413312547633563
190;2003/03/24 12:00:000;88,02;88,26;85,99;86,71;51576600;-1,499484399387631;2712,62;2712,62;2481,71;2520,84;0;-7,332277820591831
191;2003/03/31 12:00:000;85,35;88,99;84,4;88,22;50026000;3,3073245436344094;2511,99;2656,25;2395,72;2654,07;0;5,501904313847792
192;2003/04/07 12:00:000;90,34;90,85;85,71;87,15;50935700;-3,5949558260428187;2654,76;2824,99;2654,44;2733,95;0;2,9393194784382826
193;2003/04/14 12:00:000;87,47;90,06;87,0;89,56;43903100;2,361291429879062;2741,66;2915,69;2700,33;2899,78;0;5,607129567636342
196;2003/04/28 12:00:000;90,44;93,47;90,3;93,21;49520200;3,0168364663296603;2834,46;3004,79;2821,35;2986,0;0;5,208325627065288
197;2003/05/05 12:00:000;93,47;94,38;92,28;93,73;39086100;0,27777795639023695;2991,74;3068,08;2861,7;2956,59;0;-1,1818580724902479
198;2003/05/12 12:00:000;93,5;95,45;93,28;94,87;37979000;1,4546097110144145;2961,14;3029,49;2871,61;2989,08;0;0,9391318422307507
199;2003/05/19 12:00:000;94,15;94,42;91,59;93,76;42184400;-0,4150929274458895;2976,38;2976,38;2773,77;2822,83;0;-5,296786915788277
202;2003/06/02 12:00:000;97,53;101,4;96,67;99,26;48907900;1,7582647175371096;2990,93;3146,91;2990,93;3127,46;0;4,463679767897551
203;2003/06/09 12:00:000;98,77;100,9;97,77;99,56;38090900;0,7966562579355485;3124,59;3253,7;3075,19;3168,71;0;1,4021490422628249
204;2003/06/16 12:00:000;99,96;102,18;99,42;99,44;38749100;-0,5215658764295894;3156,8;3324,44;3122,4;3238,98;0;2,569960913862274
205;2003/06/23 12:00:000;99,45;99,66;96,96;97,66;41176100;-1,8162946666467055;3236,96;3263,12;3157,7;3224,66;0;-0,3807099413568949
206;2003/06/30 12:00:000;98,22;99,85;96,43;98,74;37531600;0,5280272219618356;3228,81;3271,31;3119,35;3239,61;0;0,33393038905493844
207;2003/07/07 12:00:000;99,65;101,4;98,63;100,24;37725200;0,5903263929009055;3244,94;3363,43;3244,94;3326,51;0;2,482684635740036
208;2003/07/14 12:00:000;101,2;101,9;98,16;99,51;42506800;-1,6840615226294386;3335,12;3430,76;3312,9;3366,71;0;0,9427345654153004
209;2003/07/21 12:00:000;99,45;100,34;97,85;100,23;41233400;0,7812539736793624;3370,07;3390,61;3254,19;3356,89;0;-0,39185655526644164
210;2003/07/28 12:00:000;100,37;100,98;98,24;98,51;44095200;-1,8705291958121162;3360,67;3487,86;3360,67;3438,89;0;2,300838603757988
211;2003/08/04 12:00:000;98,31;99,0;96,34;98,28;47502200;-0,030520372585451136;3433,72;3464,6;3299,77;3332,24;0;-2,9999471063223973
212;2003/08/11 12:00:000;98,26;99,85;97,84;99,62;32432200;1,3745920904635136;3333,07;3470,53;3309,85;3443,93;0;3,271945995040087
213;2003/08/18 12:00:000;99,93;101,82;99,73;99,77;36028200;-0,16024039482823388;3447,58;3588,53;3447,58;3549,05;0;2,900742640348728
214;2003/08/25 12:00:000;99,71;101,48;98,83;101,44;28713400;1,720151784821437;3547,65;3547,65;3438,86;3484,58;0;-1,793789200573672
217;2003/09/08 12:00:000;103,04;103,88;101,35;102,45;38902400;-0,5742387671134714;3612,85;3670,3;3473,79;3508,06;0;-2,9433756432075295
218;2003/09/15 12:00:000;102,52;104,7;101,95;103,67;31133200;1,1154875839150358;3512,28;3629,59;3506,38;3578,7;0;1,8734206727522473
219;2003/09/22 12:00:000;102,85;103,29;99,85;99,95;41289800;-2,8601555152557077;3578,16;3578,16;3275,54;3324,85;0;-7,342414149786587
220;2003/09/29 12:00:000;100,3;104,28;99,25;103,39;53346400;3,034255063071197;3324,0;3439,89;3202,87;3419,0;0;2,8179233663962586
221;2003/10/06 12:00:000;103,48;105,22;102,91;104,57;31299900;1,047834629266894;3414,06;3512,21;3332,82;3471,25;0;1,6612560728613521
222;2003/10/13 12:00:000;104,71;105,89;103,98;104,26;33378800;-0,4306844959410711;3480,13;3606,0;3480,13;3516,67;0;1,0444869710323146
223;2003/10/20 12:00:000;104,45;105,28;102,18;103,58;37170900;-0,8364227006829412;3520,54;3593,5;3423,34;3452,64;0;-1,947523112992488
224;2003/10/27 12:00:000;103,74;105,97;103,27;105,3;32651300;1,4925650216675792;3459,07;3675,78;3459,07;3655,99;0;5,536715154540342
225;2003/11/03 12:00:000;105,75;106,72;104,9;105,61;32537000;-0,13247541680043184;3657,61;3814,21;3651,77;3782,56;0;3,359110043148763
226;2003/11/10 12:00:000;105,74;106,95;104,8;105,46;31792500;-0,26515167049804444;3778,27;3813,2;3696,95;3797,4;0;0,5050389117129915
227;2003/11/17 12:00:000;104,91;105,45;103,62;104,21;39791700;-0,6694745739058061;3792,89;3792,89;3576,52;3642,25;0;-4,052663894333188
228;2003/11/24 12:00:000;104,69;106,66;104,68;106,45;27511800;1,6671789008225018;3642,7;3786,37;3642,7;3745,95;0;2,795009143834787
229;2003/12/01 12:00:000;106,85;108,08;106,62;106,85;35608700;0,0;3752,72;3894,82;3752,72;3841,73;0;2,3441875590365835
230;2003/12/08 12:00:000;106,74;108,2;105,96;108,14;38488100;1,3030713048060008;3834,89;3904,43;3778,73;3860,13;0;0,6560110439475947
231;2003/12/15 12:00:000;109,17;109,73;107,48;108,9;33120900;-0,24762703532632893;3866,92;3930,26;3823,71;3898,42;0;0,811301830444215
232;2003/12/22 12:00:000;108,79;110,08;108,78;109,7;17179100;0,8329948848193269;3891,67;3913,26;3870,56;3903,34;0;0,2994225464453899
233;2003/12/29 12:00:000;110,1;112,19;109,78;111,23;27904300;1,0211085875303734;3907,57;4022,96;3907,57;4018,5;0;2,799300125016549
234;2004/01/05 12:00:000;111,69;113,5;111,59;112,39;33825100;0,6247788977440618;4019,94;4073,33;3982,83;4016,18;0;-0,09357750442697259
235;2004/01/12 12:00:000;112,55;114,31;111,76;114,23;37249600;1,4816392393114453;4010,05;4122,93;3980,19;4111,64;0;2,501826561345325
238;2004/01/26 12:00:000;114,39;116,5;112,56;113,48;41901200;-0,7987052596931483;4152,09;4175,48;4048,52;4058,6;0;-2,2773735368506633
239;2004/02/02 12:00:000;113,7;114,7;112,78;114,45;35540200;0,6574645642085385;4062,79;4087,21;4007,87;4044,99;0;-0,43908514039672664
240;2004/02/09 12:00:000;114,67;116,39;114,17;115,13;33655900;0,40034866353600657;4051,36;4150,56;4047,92;4057,05;0;0,14034813074313096
243;2004/02/23 12:00:000;115,22;115,74;113,03;115,02;36103700;-0,17373180186290002;4074,11;4106,08;3960,41;4018,16;0;-1,3828231524738706
244;2004/03/01 12:00:000;115,43;116,97;114,92;116,38;35999800;0,8196413601702998;4026,19;4151,84;4026,19;4126,14;0;2,452182589366457
245;2004/03/08 12:00:000;116,34;116,62;111,1;112,58;57969300;-3,285285844673492;4131,34;4163,19;3824,54;3915,38;0;-5,368942224222456
246;2004/03/15 12:00:000;112,27;113,27;110,84;111,06;53553500;-1,083608865722695;3908,61;3909,87;3775,11;3819,15;0;-2,315392730162828
247;2004/03/22 12:00:000;110,54;111,79;108,85;111,03;51139900;0,44229886610574076;3802,53;3849,99;3692,4;3822,33;0;0,5193549653465266
248;2004/03/29 12:00:000;111,63;114,84;111,58;114,64;45556500;2,660695249327557;3828,04;4008,08;3823,67;4007,6;0;4,5839635546062665
249;2004/04/05 12:00:000;114,46;115,41;113,74;114,37;37873200;-0,07866101878307978;4015,23;4065,71;4000,44;4013,53;0;-0,04234776043636513
252;2004/04/19 12:00:000;113,55;114,67;111,78;114,36;44644300;0,7108098902543674;4033,0;4129,14;3995,59;4103,62;0;1,7358995097686
253;2004/04/26 12:00:000;114,5;115,12;110,9;110,96;49507100;-3,1405046987718297;4105,97;4156,89;3968,86;3985,21;0;-2,9852003719376152
254;2004/05/03 12:00:000;111,37;113,26;109,96;109,96;47059000;-1,2741328107963983;3972,88;4029,32;3852,9;3895,64;0;-1,9633293453299345
255;2004/05/10 12:00:000;109,44;110,81;108,06;110,04;65185400;0,5467482182133615;3894,98;3894,98;3769,59;3803,1;0;-2,387202089068489
256;2004/05/17 12:00:000;108,89;111,18;108,41;109,81;45116100;0,8413401251652378;3801,47;3883,15;3710,02;3831,84;0;0,7957271549974575
257;2004/05/24 12:00:000;110,53;113,03;109,6;112,86;38856100;2,086113521812993;3842,41;3940,71;3809,98;3902,72;0;1,5573972032473484
260;2004/06/07 12:00:000;113,43;114,92;113,42;114,35;30734700;0,8078013897838947;3973,45;4040,77;3973,45;4014,56;0;1,0293017398177424
261;2004/06/14 12:00:000;113,82;114,45;112,87;113,63;31782700;-0,16706972450601085;4008,61;4018,6;3933,12;3999,79;0;-0,22026880690521
262;2004/06/21 12:00:000;113,75;114,94;112,67;113,84;33261600;0,07908959505370941;4008,5;4029,11;3916,42;4013,35;0;0,12091975269933274
263;2004/06/28 12:00:000;114,52;114,79;112,58;112,88;42764600;-1,442417268535575;4016,82;4101,52;3990,5;3998,77;0;-0,45037309817228965
266;2004/07/12 12:00:000;111,52;112,39;110,44;110,71;39161400;-0,7289777140838373;3911,54;3928,07;3837,63;3845,93;0;-1,6915712073698943
267;2004/07/19 12:00:000;110,75;112,06;108,69;108,96;52920200;-1,6294566524042882;3845,03;3899,42;3785,29;3797,33;0;-1,2483217075735262
268;2004/07/26 12:00:000;109,19;110,9;108,21;110,84;52123700;1,4998235968802902;3795,66;3911,3;3749,04;3895,61;0;2,599196933032623
269;2004/08/02 12:00:000;110,19;111,36;106,62;106,85;49095200;-3,0780166734529004;3891,18;3891,78;3719,46;3727,74;0;-4,291030163186182
270;2004/08/09 12:00:000;107,02;108,41;106,59;107,19;47586100;0,15872278202695428;3726,51;3736,55;3618,69;3646,99;0;-2,156996897609766
271;2004/08/16 12:00:000;107,14;110,63;107,1;110,48;42870200;3,069811864822248;3643,08;3758,51;3618,58;3712,61;0;1,8905655611047512
272;2004/08/23 12:00:000;110,55;111,63;109,85;111,45;30856400;0,8108152528422525;3722,23;3856,03;3722,23;3851,18;0;3,4056643801789397
273;2004/08/30 12:00:000;111,22;112,82;110,1;112,12;39369400;0,8059504537169597;3848,8;3882,78;3778,19;3866,99;0;0,47150152347425134
276;2004/09/13 12:00:000;113,31;113,74;112,68;113,15;33667300;-0,14130533129287912;3890,29;4000,13;3890,29;3988,07;0;2,48236996233529
277;2004/09/20 12:00:000;112,67;113,47;110,95;111,46;41232400;-1,0797410034684352;3986,33;3999,47;3887,84;3910,3;0;-1,925691073122403
278;2004/09/27 12:00:000;111,1;113,65;110,41;113,65;44140900;2,269285365296808;3905,74;3996,11;3848,28;3994,96;0;2,2586300673592024
279;2004/10/04 12:00:000;114,1;114,68;112,35;112,51;40710400;-1,4033150285049318;4005,64;4078,5;4001,52;4015,54;0;0,2468465993031383
280;2004/10/11 12:00:000;112,78;113,07;110,57;111,26;48752100;-1,3569213731888847;4011,83;4026,99;3897,48;3922,11;0;-2,261772202489064
281;2004/10/18 12:00:000;110,89;112,23;109,75;109,99;51695200;-0,814926639609921;3926,51;3983,45;3889,72;3935,14;0;0,21954687543817214
282;2004/10/25 12:00:000;109,75;113,64;109,35;113,2;55091500;3,0951113813801947;3880,48;3994,19;3838,98;3960,25;0;2,034829726305153
283;2004/11/01 12:00:000;113,56;117,64;113,2;117,28;57705700;3,223290653357094;3961,18;4111,78;3959,25;4063,58;0;2,5522397801668375
284;2004/11/08 12:00:000;116,98;119,0;116,72;118,79;43446800;1,5354248286568617;4063,83;4162,37;4051,61;4143,35;0;1,937876067997528
285;2004/11/15 12:00:000;118,5;119,14;117,14;117,42;43190200;-0,9155709939146038;4162,93;4202,45;4106,87;4134,89;0;-0,6758427329177952
286;2004/11/22 12:00:000;117,17;118,98;117,03;118,35;31185300;1,0020464279928587;4115,91;4161,55;4088,59;4154,27;0;0,9276769090822059
287;2004/11/29 12:00:000;118,79;120,14;117,48;119,25;54855100;0,38649014670023624;4160,89;4233,52;4107,62;4208,87;0;1,1465209416726578
288;2004/12/06 12:00:000;119,21;119,64;117,73;119,33;47544800;0,10061206516542315;4199,25;4231,46;4131,24;4174,55;0;-0,5899369852453373
289;2004/12/13 12:00:000;119,76;121,24;119,16;119,44;49828900;-0,26755868804380106;4189,34;4250,05;4173,59;4182,27;0;-0,16890422943285519
290;2004/12/20 12:00:000;119,75;121,28;119,17;120,77;34357100;0,8481673996259157;4178,17;4253,68;4176,38;4251,62;0;1,7426735145996697
291;2004/12/27 12:00:000;121,2;121,66;120,39;120,87;25148600;-0,272648576384849;4254,41;4272,18;4235,36;4256,08;5391300;0,039245684359771285
292;2005/01/03 12:00:000;121,56;121,76;118,0;118,44;58849000;-2,600146481520183;4260,92;4325,77;4242,07;4316,4;0;1,2936622101378887
293;2005/01/10 12:00:000;118,34;119,46;117,5;118,24;57990700;-0,08453800486563945;4311,86;4324,38;4191,14;4232,36;0;-1,8609608446498456
296;2005/01/24 12:00:000;117,09;117,75;116,37;117,43;60099900;0,2899541516356428;4195,37;4245,08;4160,83;4201,81;0;0,1533848568831711
297;2005/01/31 12:00:000;117,95;120,43;117,71;120,23;50740900;1,914576913313379;4211,86;4340,27;4211,86;4339,28;0;2,9804080379353497
298;2005/02/07 12:00:000;120,25;121,04;119,25;120,77;47789300;0,43150013014132793;4342,75;4391,79;4338,96;4387,8;0;1,0320174522927685
299;2005/02/14 12:00:000;120,69;121,46;119,9;120,39;47531000;-0,24888016828715157;4395,37;4409,09;4348,66;4359,47;0;-0,8201223830359086
302;2005/02/28 12:00:000;121,15;122,83;120,04;122,73;59660300;1,2957373346882033;4360,34;4424,28;4335,04;4423,52;0;1,4385723265832002
303;2005/03/07 12:00:000;122,66;123,25;120,16;120,39;56838700;-1,86798272509026;4424,77;4435,31;4330,21;4360,49;0;-1,463386334060432
304;2005/03/14 12:00:000;120,61;121,46;118,15;118,54;59293000;-1,7311743235459427;4353,73;4392,17;4295,7;4327,18;0;-0,611688930851448
305;2005/03/21 12:00:000;118,71;118,93;116,75;117,14;69116600;-1,3313743403806386;4322,47;4347,72;4275,55;4343,6;0;0,48764992373778276
308;2005/04/04 12:00:000;117,36;119,26;116,74;118,0;56442100;0,5438490630938427;4355,84;4413,24;4323,24;4400,68;0;1,0241600987548074
309;2005/04/11 12:00:000;118,29;119,06;114,1;114,15;84367100;-3,5625863581841015;4388,81;4422,88;4309,25;4312,25;0;-1,759831006316483
310;2005/04/18 12:00:000;114,12;116,5;113,55;115,57;89699800;1,2625880642050546;4266,27;4266,27;4159,95;4223,04;0;-1,0184661339272265
311;2005/04/25 12:00:000;115,86;116,77;113,97;115,75;77103400;-0,09498727021346305;4214,97;4249,86;4157,51;4184,84;0;-0,7174002560349052
312;2005/05/02 12:00:000;116,07;118,0;115,52;117,09;77480900;0,8749412480102146;4208,63;4314,98;4205,05;4311,06;0;2,404663449446681
313;2005/05/09 12:00:000;117,21;118,08;114,8;115,72;78073000;-1,2793717627154508;4305,69;4306,32;4232,4;4275,7;0;-0,698957210766182
314;2005/05/16 12:00:000;115,7;119,41;115,66;119,12;59267400;2,9130754176122595;4266,82;4379,57;4232,67;4360,68;0;2,17591893909587
315;2005/05/23 12:00:000;119,21;120,25;118,83;120,25;43432600;0,8686265255960453;4383,02;4453,01;4374,49;4444,71;0;1,3976640481850076
318;2005/06/06 12:00:000;119,95;121,25;119,44;120,2;48509500;0,2082032815403585;4514,59;4601,05;4490,12;4586,1;0;1,5715615363736086
319;2005/06/13 12:00:000;119,94;121,9;119,81;121,36;46905900;1,1769717299913123;4597,33;4623,58;4537,91;4604,57;0;0,1573588388042058
320;2005/06/20 12:00:000;121,08;121,94;118,84;118,98;49593400;-1,7496072393758264;4601,99;4637,34;4560,49;4566,48;0;-0,7746151224420696
321;2005/06/27 12:00:000;118,97;120,4;118,75;119,53;48740100;0,4696025401454947;4547,27;4623,8;4517,44;4617,07;0;1,5233251879283392
324;2005/07/11 12:00:000;121,33;123,44;121,31;122,84;52491200;1,236858950883999;4616,36;4723,65;4616,36;4712,9;0;2,0696914042422483
325;2005/07/18 12:00:000;122,5;123,73;122,05;123,54;67791800;0,8453960282971462;4717,59;4865,72;4705,29;4836,9;0;2,4975943675648393
326;2005/07/25 12:00:000;123,41;124,64;122,85;123,74;50696100;0,2670444637750464;4843,69;4913,02;4819,42;4886,5;0;0,8799473850728404
327;2005/08/01 12:00:000;123,83;124,74;122,67;122,88;45370700;-0,7701387827645154;4882,39;4934,94;4827,18;4827,18;0;-1,1372407847542403
328;2005/08/08 12:00:000;123,15;124,5;122,38;123,06;56199300;-0,07310832542027385;4837,05;4990,57;4827,3;4937,33;0;2,051966848159934
329;2005/08/15 12:00:000;123,22;123,87;121,84;122,47;52731200;-0,6105273553228631;4935,22;4953,46;4834,16;4929,91;0;-0,10765191158780162
330;2005/08/22 12:00:000;122,58;123,23;120,68;120,76;60354600;-1,4958773218947579;4933,74;4954,41;4783,8;4783,8;0;-3,086211138265808
331;2005/08/29 12:00:000;120,41;123,15;120,38;122,27;71103300;1,5329128251971036;4756,68;4874,89;4726,33;4837,81;0;1,69121930899326
334;2005/09/12 12:00:000;124,45;124,67;122,87;123,5;59544100;-0,7662872745569137;5028,49;5035,39;4888,03;4986,5;0;-0,8385479376023288
335;2005/09/19 12:00:000;123,47;123,61;120,44;121,44;75254000;-1,6577897932332468;4928,14;4967,31;4827,86;4882,58;0;-0,9287866235490667
336;2005/09/26 12:00:000;122,02;123,04;121,02;123,04;61923700;0,8324540033627634;4938,18;5061,84;4938,18;5044,12;0;2,1226366198537776
337;2005/10/03 12:00:000;122,96;123,34;118,17;119,61;86885200;-2,762264916896701;5060,99;5138,02;4980,62;5007,77;0;-1,0571410110325943
338;2005/10/10 12:00:000;119,68;119,71;116,88;118,67;83304200;-0,8474982549119501;5027,28;5065,17;4929,11;4975,56;0;-1,0341155293575033
339;2005/10/17 12:00:000;118,8;119,81;117,12;118,13;97643200;-0,5655693968116018;4987,66;4999,0;4825,96;4838,4;0;-3,038277433890235
340;2005/10/24 12:00:000;118,44;120,54;117,93;119,8;73540700;1,1417182447958372;4838,25;4930,89;4762,75;4825,64;0;-0,2609716616564596
341;2005/10/31 12:00:000;120,29;122,66;120,13;122,11;72425900;1,5016783838949093;4854,59;5013,95;4854,59;4995,24;0;2,8560809838652776
342;2005/11/07 12:00:000;122,37;123,84;121,75;123,76;52100000;1,1294964267233811;4994,54;5092,8;4983,75;5090,75;0;1,9079851680799578
343;2005/11/14 12:00:000;123,79;125,28;122,86;125,13;58794400;1,0766615333244596;5083,27;5162,51;5063,86;5123,5;0;0,7883043966332067
344;2005/11/21 12:00:000;125,15;127,41;124,98;127,13;45646100;1,5697167084247863;5140,35;5204,14;5127,07;5194,27;0;1,0434924412819786
345;2005/11/28 12:00:000;127,25;127,27;125,29;126,85;54882400;-0,31483693853413386;5218,28;5307,99;5155,34;5307,99;0;1,7045386838275358
346;2005/12/05 12:00:000;126,7;127,74;125,48;126,33;59475600;-0,2924556485147259;5303,92;5309,93;5222,24;5282,13;0;-0,4116744352044301
347;2005/12/12 12:00:000;126,71;128,09;125,96;126,36;60706800;-0,27660348769324666;5316,46;5356,67;5274,97;5353,66;0;0,6972770825525895
348;2005/12/19 12:00:000;126,73;126,87;125,48;126,76;41473600;0,02366957287472892;5342,93;5425,62;5322,83;5419,05;0;1,4146331700187154
349;2005/12/27 12:00:000;126,96;127,05;124,36;124,51;38174500;-1,9486042253832363;5422,07;5469,96;5385,07;5408,26;0;-0,25502468502328524
352;2006/01/09 12:00:000;128,42;129,44;128,2;128,68;44690600;0,20225600049233908;5543,34;5553,55;5463,78;5483,09;0;-1,0928396522932842
355;2006/01/23 12:00:000;126,21;128,66;125,84;128,54;68967800;1,8292953672600938;5311,9;5650,95;5290,49;5647,42;0;6,124921700397694
356;2006/01/30 12:00:000;128,44;128,81;126,14;126,27;67974900;-1,7039397770724254;5636,24;5760,63;5614,29;5657,12;0;0,3697752270655003
357;2006/02/06 12:00:000;126,44;128,1;125,4;126,64;60534800;0,15805282253396824;5667,18;5745,49;5598,05;5701,47;0;0,6032396807681231
358;2006/02/13 12:00:000;126,6;129,21;125,95;128,81;66020900;1,7305940697920674;5699,44;5812,69;5683,88;5795,48;0;1,6710378987329366
361;2006/02/27 12:00:000;129,4;130,07;128,13;128,76;58587900;-0,4958175636192939;5888,81;5916,8;5691,21;5721,46;0;-2,8829922322206483
362;2006/03/06 12:00:000;129,14;129,18;127,18;128,59;60551200;-0,42680389159731813;5742,07;5804,95;5664,19;5804,92;0;1,088606133298537
363;2006/03/13 12:00:000;128,84;131,47;128,53;130,62;56313700;1,372102001151303;5820,74;5947,43;5807,61;5882,38;0;1,0534040494217989
364;2006/03/20 12:00:000;130,64;130,99;129,45;130,21;54832000;-0,3296916921572529;5895,78;5977,06;5847,9;5973,14;0;1,3035911525417367
365;2006/03/27 12:00:000;130,03;130,98;129,05;129,83;61921100;-0,15392906910663773;5972,15;5993,9;5863,07;5970,08;0;-0,03466689254403318
366;2006/04/03 12:00:000;130,07;131,4;129,35;129,54;61025600;-0,40830533208784053;5989,08;6047,98;5947,56;5952,92;0;-0,6055955537216401
367;2006/04/10 12:00:000;129,74;130,08;128,25;128,71;52095300;-0,7970636123622986;5951,08;6004,71;5860,5;5918,57;0;-0,5477850028179887
370;2006/04/24 12:00:000;130,89;131,75;129,59;131,47;76900300;0,4421412904885048;6058,75;6121,95;6003,91;6009,89;0;-0,8097062626450248
373;2006/05/08 12:00:000;132,51;132,77;129,19;129,24;59322400;-2,498697332024713;6126,96;6162,37;5915,74;5916,28;0;-3,499083223661407
374;2006/05/15 12:00:000;128,79;130,0;125,8;127,1;100634400;-1,320899270917053;5893,0;5902,44;5587,92;5672,28;0;-3,8174052541132424
375;2006/05/22 12:00:000;126,28;128,38;124,76;128,38;102646300;1,6492952193841166;5653,85;5788,47;5513,43;5788,36;0;2,3512275456223013
378;2006/06/05 12:00:000;128,85;128,86;123,87;125,35;125026500;-2,7539112494071687;5685,56;5691,69;5383,28;5464,08;0;-3,973386373876795
379;2006/06/12 12:00:000;125,88;126,36;122,34;124,65;134676300;-0,9819262226639097;5458,38;5507,6;5243,71;5376,01;0;-1,5205579096812676
380;2006/06/19 12:00:000;125,4;125,7;123,55;124,44;72996000;-0,7684956169384135;5388,83;5580,82;5382,58;5529,74;0;2,5812505441621965
381;2006/06/26 12:00:000;124,54;127,66;123,65;127,28;66982100;2,1762434585225474;5542,74;5698,21;5420,08;5683,31;0;2,504484615117158
382;2006/07/03 12:00:000;127,43;128,01;126,29;126,61;56323500;-0,6455698692025972;5688,0;5729,59;5608,95;5681,85;0;-0,10818085726343374
383;2006/07/10 12:00:000;126,94;127,43;122,83;123,52;84562800;-2,731144760185798;5678,11;5711,04;5422,22;5422,22;0;-4,61131051950608
384;2006/07/17 12:00:000;123,52;126,3;122,39;123,95;110263000;0,34751722047335376;5437,08;5587,28;5365,06;5451,01;0;0,2558760554013141
385;2006/07/24 12:00:000;124,44;128,14;124,44;127,98;88456900;2,8050329681878003;5460,12;5708,33;5460,12;5705,42;0;4,394583269887017
386;2006/07/31 12:00:000;127,66;129,43;126,6;128,2;67915500;0,4221064658658382;5704,56;5741,8;5583,96;5723,03;0;0,32325304080980366
387;2006/08/07 12:00:000;127,9;128,6;126,28;127,01;66398700;-0,6982885068568928;5685,46;5709,1;5557,59;5628,37;0;-1,0092158810675953
388;2006/08/14 12:00:000;127,63;130,69;126,92;130,69;65400100;2,3692653614345285;5661,07;5849,37;5659,71;5817,02;0;2,717518283654203
389;2006/08/21 12:00:000;130,18;130,52;129,19;129,81;53860900;-0,28462652393381604;5804,66;5847,11;5744,11;5811,47;0;0,11725076734135265
390;2006/08/28 12:00:000;129,65;131,58;129,64;131,42;50171200;1,3559789485048193;5808,37;5907,16;5767,83;5876,54;0;1,166817261278227
393;2006/09/11 12:00:000;129,86;132,45;129,48;131,96;67155800;1,6041899280040006;5774,31;5953,72;5737,2;5937,87;0;2,793171445867422
394;2006/09/18 12:00:000;131,79;132,77;131,0;131,47;77269300;-0,24310579472849023;5932,51;5979,87;5857,89;5883,32;0;-0,8326166536689054
395;2006/09/25 12:00:000;131,73;133,99;131,05;133,58;71051600;1,3946176055754222;5898,9;6031,55;5864,99;6004,33;0;1,7714982767063046
396;2006/10/02 12:00:000;133,54;135,41;132,65;135,01;66235100;1,0947791339432087;6019,34;6097,87;5944,57;6085,82;0;1,098385620223005
397;2006/10/09 12:00:000;134,85;136,71;134,3;136,63;62950900;1,3113492764657553;6064,88;6188,69;6054,67;6173,68;0;1,7780337935946682
398;2006/10/16 12:00:000;136,52;137,37;135,67;136,84;66355900;0,23412360708976887;6178,36;6218,57;6106,19;6202,82;0;0,3951163269062047
399;2006/10/23 12:00:000;136,56;139,0;136,39;137,91;68928300;0,9837220000061141;6216,46;6304,78;6185,51;6262,54;0;0,738524071484038
400;2006/10/30 12:00:000;137,66;138,31;135,62;136,54;67207400;-0,816926498008395;6230,86;6311,93;6201,0;6241,15;69015800;0,16500952668918262
401;2006/11/06 12:00:000;136,96;139,14;136,86;138,24;71809500;0,9302392662313631;6249,92;6366,65;6249,92;6357,77;0;1,7109023270127695
402;2006/11/13 12:00:000;138,18;140,68;138,07;140,42;73138800;1,6080748528453876;6350,65;6452,13;6344,1;6412,36;0;0,9670208029212356
403;2006/11/20 12:00:000;140,3;141,16;139,94;140,35;49261300;0,035631569947602526;6394,08;6497,06;6367,2;6411,96;0;0,2792434135541342
404;2006/11/27 12:00:000;140,28;141,05;138,11;140,22;98261400;-0,04278074931558095;6400,49;6419,97;6195,81;6241,13;0;-2,5213294204709804
405;2006/12/04 12:00:000;140,25;142,3;140,23;141,42;71384700;0,8307641773289012;6258,91;6440,56;6230,3;6427,41;0;2,6565609180787146
406;2006/12/11 12:00:000;141,42;143,24;140,89;142,34;61672700;0,6484375695030353;6449,76;6605,15;6447,94;6588,83;0;2,1332870209051147
407;2006/12/18 12:00:000;142,54;142,88;140,67;140,75;53243000;-1,2637395053924798;6588,25;6615,68;6493,99;6503,13;0;-1,3004159918553226
412;2007/01/08 12:00:000;140,82;143,24;140,25;143,24;65922100;1,7039066039244999;6603,55;6705,17;6531,25;6705,17;0;1,5271487410188378
415;2007/01/22 12:00:000;143,07;143,98;141,58;142,13;62198400;-0,6591889227322201;6753,73;6771,42;6627,96;6690,34;0;-0,9430249882659475
416;2007/01/29 12:00:000;142,19;144,95;141,74;144,81;69462000;1,8258346932228116;6702,45;6904,88;6683,38;6885,76;0;2,6982379786221724
417;2007/02/05 12:00:000;144,7;145,36;143,39;143,94;61636300;-0,5266087557779917;6878,67;6928,98;6849,85;6911,11;0;0,47049423329839524
418;2007/02/12 12:00:000;143,94;145,95;143,19;145,73;54867000;1,2359048465946982;6892,03;6979,02;6844,39;6957,07;0;0,939273717002981
421;2007/02/26 12:00:000;145,83;145,95;138,05;138,67;179319600;-5,0344549959701075;6992,12;7040,2;6544,28;6603,32;0;-5,72112478192766
422;2007/03/05 12:00:000;137,93;141,42;137,33;140,78;125577000;2,0452078092557033;6510,95;6745,06;6437,25;6716,52;0;3,108478834457537
423;2007/03/12 12:00:000;140,42;141,34;136,75;138,53;151358600;-1,3551022919315043;6727,57;6752,18;6444,7;6579,87;0;-2,2199020315523748
424;2007/03/19 12:00:000;139,26;143,81;139,15;143,39;104807200;2,922550121254704;6622,76;6902,62;6614,14;6899,06;0;4,0872968947169195
425;2007/03/26 12:00:000;143,5;143,65;140,56;142,0;126837300;-1,0507977598415092;6899,33;6965,84;6788,33;6917,03;0;0,2562181310133696
426;2007/04/02 12:00:000;142,16;144,44;141,48;144,24;68163000;1,4525395048666034;6911,13;7103,73;6891,8;7099,91;0;2,694895238643933
429;2007/04/16 12:00:000;145,83;148,62;145,82;148,62;101379100;1,8951153003849308;7229,06;7366,59;7155,05;7342,54;0;1,557581792470009
430;2007/04/23 12:00:000;148,37;149,8;147,32;149,53;99418600;0,7787887633050045;7348,01;7412,53;7218,72;7378,12;0;0,4089335346073603
431;2007/04/30 12:00:000;149,64;151,12;147,67;150,92;101065000;0,8517485616164318;7369,24;7526,51;7361,36;7516,76;0;1,9820613930833633
432;2007/05/07 12:00:000;150,88;152,82;149,27;150,86;102628400;-0,013256445966239065;7523,95;7538,59;7304,61;7479,34;0;-0,594671321601521
433;2007/05/14 12:00:000;150,86;152,62;149,79;152,62;120636400;1,1598917436002256;7505,0;7613,62;7418,26;7607,54;0;1,3570395658850174
434;2007/05/21 12:00:000;152,58;153,5;150,74;151,69;132300400;-0,5850084058502368;7614,04;7774,36;7599,49;7739,2;0;1,6304411659644829
435;2007/05/29 12:00:000;151,94;154,4;151,34;154,08;108418000;1,398624197474009;7758,86;8001,63;7675,89;7987,85;0;2,908622102329544
436;2007/06/04 12:00:000;153,54;154,39;149,06;151,04;155464800;-1,6416417002561936;7973,68;8010,39;7499,43;7590,5;0;-4,924865233940594
437;2007/06/11 12:00:000;150,93;153,66;149,55;153,07;165909800;1,407917993227881;7623,33;8032,97;7595,69;8030,64;0;5,205094379106182
438;2007/06/18 12:00:000;153,38;153,58;149,85;150,55;157347100;-1,8623247408970243;8044,73;8131,73;7905,18;7949,63;0;-1,189183196033121
439;2007/06/25 12:00:000;150,24;151,65;148,06;150,43;200300900;0,12638442497796923;7896,91;8007,74;7750,62;8007,32;0;1,3884579604950413
440;2007/07/02 12:00:000;150,87;153,17;150,77;152,98;81948300;1,3888655041736866;7969,27;8115,06;7916,47;8048,32;0;0,9870478866678115
441;2007/07/09 12:00:000;153,16;155,46;150,52;154,85;134799000;1,0973779810117998;8077,18;8151,57;7799,93;8092,77;0;0,19282687739402962
442;2007/07/16 12:00:000;154,99;155,53;152,83;153,5;170636500;-0,966003168170759;8101,53;8130,72;7864,18;7874,85;0;-2,837879581878096
443;2007/07/23 12:00:000;154,18;154,72;145,05;145,11;306742100;-6,06286755281146;7880,29;7944,21;7372,89;7451,68;0;-5,592519489795357
444;2007/07/30 12:00:000;145,93;149,46;143,2;143,8;344364100;-1,4703609392707986;7460,71;7632,83;7386,6;7435,67;0;-0,3361893773412098
445;2007/08/06 12:00:000;144,21;150,59;142,53;144,71;320223900;0,34611691759223756;7390,88;7614,24;7293,52;7343,26;0;-0,6463921994216038
446;2007/08/13 12:00:000;146,5;146,89;137,0;144,71;340969500;-1,229368870722057;7380,18;7497,65;7190,36;7378,29;0;-0,02561241118262891
447;2007/08/20 12:00:000;145,17;148,33;143,29;148,33;170072100;2,153405186218427;7400,45;7591,52;7345,13;7507,27;0;1,4331075203387194
448;2007/08/27 12:00:000;147,85;148,5;143,46;147,59;183552800;-0,17600871048016317;7525,59;7659,72;7353,82;7638,17;0;1,4848832813995816
451;2007/09/10 12:00:000;146,52;149,45;144,33;148,9;155986400;1,61130017793496;7437,69;7545,23;7369,7;7497,74;0;0,8041325034983584
452;2007/09/17 12:00:000;148,31;154,39;147,63;151,97;176810900;2,4378455191642607;7497,09;7809,24;7433,23;7794,43;0;3,8894430787970022
453;2007/09/24 12:00:000;152,42;153,19;150,47;152,58;130674500;0,10491804241119583;7777,2;7882,18;7717,44;7861,51;0;1,0782323709729824
454;2007/10/01 12:00:000;152,6;156,1;152,5;155,85;118328200;2,1073887362989514;7851,29;8014,16;7831,4;8002,18;0;1,9036155054840662
455;2007/10/08 12:00:000;155,39;157,52;154,54;156,33;125024300;0,6031071790590395;8008,76;8063,83;7955,04;8041,26;0;0,4049844725429513
456;2007/10/15 12:00:000;156,27;156,48;149,66;149,67;197980400;-4,31524098841543;8039,8;8039,8;7870,73;7884,12;0;-1,9553597384788821
457;2007/10/22 12:00:000;148,86;153,62;148,66;153,62;236525500;3,147575363877115;7819,28;7970,57;7763,64;7949,17;0;1,6475041993079875
458;2007/10/29 12:00:000;153,93;155,27;149,21;151,2;225009200;-1,7894489876550643;7989,4;8038,41;7792,37;7849,49;0;-1,7667101560234482
459;2007/11/05 12:00:000;149,64;152,11;144,89;145,14;272707200;-3,053361562995454;7790,89;7918,92;7701,87;7812,4;0;0,27571125866392493
460;2007/11/12 12:00:000;145,21;149,4;143,7;145,79;247329100;0,3986259574084448;7780,49;7866,01;7564,66;7612,26;0;-2,185921276672827
461;2007/11/19 12:00:000;145,28;145,53;141,67;144,13;254803500;-0,7947244757971773;7608,2;7634,46;7474,51;7608,96;0;0,009988723265475915
462;2007/11/26 12:00:000;144,43;149,87;140,66;148,66;237808900;2,886685818407201;7642,1;7894,47;7444,62;7870,52;0;2,9451699425343154
463;2007/12/03 12:00:000;148,19;151,5;146,31;150,91;151506300;1,818839842837201;7859,39;8009,76;7785,12;7994,07;0;1,6991021531264847
464;2007/12/10 12:00:000;151,28;152,89;147,1;147,17;218680100;-2,754404317418063;7972,7;8117,79;7873,27;7948,36;0;-0,30575877438521104
465;2007/12/17 12:00:000;146,61;148,42;143,96;148,13;196530800;1,031426664378742;7884,17;8015,42;7777,4;8002,67;0;1,4918284281141554
470;2008/01/07 12:00:000;141,81;142,9;137,7;140,15;293191800;-1,177485586245735;7810,82;7923,44;7675,45;7717,95;0;-1,1961167205931609
471;2008/01/14 12:00:000;141,16;141,86;131,1;132,06;307112400;-6,6637634040644;7692,54;7759,17;7287,29;7314,17;0;-5,043746551803744
474;2008/01/28 12:00:000;133,26;139,61;132,06;139,58;254473300;4,63358064546147;6749,29;7037,16;6680,3;6968,67;0;3,198707460696695
475;2008/02/04 12:00:000;139,21;139,3;131,73;133,07;236276200;-4,510827884482487;7018,64;7059,19;6655,65;6767,28;0;-3,6470233409353847
476;2008/02/11 12:00:000;133,1;137,06;132,04;135,14;199283400;1,5210552722962587;6723,97;7062,08;6690,77;6832,43;0;1,6001639709322377
477;2008/02/19 12:00:000;136,72;137,01;132,86;135,62;192954400;-0,8078181551639337;6947,68;7079,74;6762,77;6806,29;0;-2,056060626591989
478;2008/02/25 12:00:000;135,54;139,14;132,78;133,82;198893900;-1,2771186353296018;6850,92;7017,7;6698,55;6748,13;0;-1,5117520359604684
479;2008/03/03 12:00:000;133,14;134,77;128,58;129,71;263404800;-2,610001681997567;6692,98;6720,16;6450,88;6513,99;0;-2,710704421960437
480;2008/03/10 12:00:000;129,84;133,77;127,59;129,61;328495400;-0,17729817710519954;6487,11;6666,58;6391,56;6451,9;0;-0,5442470005260334
481;2008/03/17 12:00:000;126,57;134,65;126,07;132,08;332755000;4,261228480751566;6360,92;6469,99;6167,82;6319,99;0;-0,6455395099654198
484;2008/03/31 12:00:000;131,29;137,96;131,09;136,89;202496300;4,176906666140184;6530,11;6806,66;6429,62;6763,39;0;3,5100455170387908
485;2008/04/07 12:00:000;137,87;138,57;133,01;133,38;182946900;-3,3109014979377474;6802,55;6843,25;6570,74;6603,57;0;-2,9687130002435507
486;2008/04/14 12:00:000;133,19;139,56;132,33;138,48;184075200;3,894923065501448;6561,9;6860,38;6516,51;6843,08;0;4,195772751445528
487;2008/04/21 12:00:000;138,23;139,89;136,9;139,6;178846300;0,9862225852006331;6840,68;6945,25;6656,86;6896,58;0;0,8138494655384083
488;2008/04/28 12:00:000;139,88;142,37;138,26;141,51;161677000;1,1585473769104815;6914,4;7092,82;6819,51;7043,23;0;1,8460678312175727
489;2008/05/05 12:00:000;141,05;142,2;138,45;138,9;165604200;-1,5360187687707199;7036,99;7107,53;6961,63;7003,17;0;-0,48176182339699875
490;2008/05/12 12:00:000;139,25;142,87;138,73;142,66;172014500;2,4193298042498528;7021,29;7205,96;7001,33;7156,55;0;1,9081059433661764
491;2008/05/19 12:00:000;142,81;144,3;137,52;137,64;189827600;-3,6873494535562235;7177,02;7231,86;6934,54;6944,05;0;-3,299907733076796
494;2008/06/02 12:00:000;139,83;140,89;136,22;136,29;264323500;-2,5642430613337783;7098,7;7102,05;6796,28;6803,81;0;-4,242891929756152
495;2008/06/09 12:00:000;136,86;137,5;133,52;136,15;253962200;-0,5201286404583125;6790,18;6839,32;6637,75;6765,32;0;-0,3667887996895712
496;2008/06/16 12:00:000;135,55;137,12;131,22;131,58;247382700;-2,9725544286822747;6773,43;6855,84;6547,4;6578,44;0;-2,920997043191521
497;2008/06/23 12:00:000;132,09;133,4;127,04;127,53;264289800;-3,513187739696371;6586,83;6628,72;6348,03;6421,91;0;-2,5356619671642195
498;2008/06/30 12:00:000;127,89;129,16;124,99;126,31;293720400;-1,2431316659344707;6423,37;6446,54;6200,56;6272,21;0;-2,381413746637912
499;2008/07/07 12:00:000;126,79;127,74;122,49;123,84;400546100;-2,3541764698439662;6312,32;6416,24;6139,74;6153,3;0;-2,5514756069606306
500;2008/07/14 12:00:000;125,26;126,42;120,02;125,98;367877300;0,5731587096516252;6184,65;6396,3;5999,32;6382,65;0;3,151295589732575
501;2008/07/21 12:00:000;126,51;129,15;124,85;125,48;259846200;-0,8174973104100807;6381,44;6577,1;6322,03;6436,71;0;0,8623762794491594
502;2008/07/28 12:00:000;125,51;128,6;123,42;126,16;269501900;0,5165505982428067;6428,36;6540,45;6264,74;6396,46;0;-0,49747389497052125
503;2008/08/04 12:00:000;126,04;129,93;124,76;129,37;231299300;2,6077199040736647;6403,3;6620,77;6322,01;6561,65;0;2,442861324255076
504;2008/08/11 12:00:000;129,47;131,51;127,67;130,17;227915100;0,5392094407812943;6570,52;6626,7;6369,58;6446,02;0;-1,9130090917520233
505;2008/08/18 12:00:000;130,43;130,48;126,34;129,65;188154400;-0,5998172397518311;6436,14;6485,91;6219,1;6342,42;22224200;-1,4668582446014728
506;2008/08/25 12:00:000;128,8;130,34;126,58;128,79;171738300;-0,007764276567447127;6332,94;6457,93;6238,07;6422,3;0;1,4011725688860766
509;2008/09/08 12:00:000;128,04;128,24;121,6;126,09;342707800;-1,5346777416527153;6262,34;6356,8;6086,3;6234,89;0;-0,43929805476568046
510;2008/09/15 12:00:000;121,63;128,0;113,8;124,12;593329800;2,0265189949834523;6138,42;6213,67;5812,77;6143,42;30068400;0,08142102936080944
511;2008/09/22 12:00:000;124,45;124,75;117,79;120,85;300685100;-2,9353921664109084;6188,58;6235,13;6001,01;6063,5;31677400;-2,04184670033592
512;2008/09/29 12:00:000;119,14;119,34;109,68;110,34;389527100;-7,673276435625665;6010,1;6015,59;5617,81;5797,03;70275500;-3,6095669909029704
513;2008/10/06 12:00:000;107,15;107,62;83,58;88,5;656315100;-19,122716990570225;5606,07;5606,07;4308,0;4544,31;85656600;-20,997403836328328
514;2008/10/13 12:00:000;93,87;105,53;86,54;93,21;534388000;-0,7055834275834841;4642,02;5383,79;4521,91;4781,33;86837500;2,9569134148189242
515;2008/10/20 12:00:000;95,35;99,1;84,0;87,04;474861500;-9,118654893879542;4891,76;4941,19;4014,6;4295,67;59049800;-12,994461831853846
516;2008/10/27 12:00:000;85,97;98,57;83,7;96,83;478894800;11,895846543708705;4143,45;5066,81;4062,77;4987,97;125469200;18,55002392239453
517;2008/11/03 12:00:000;96,78;100,86;90,06;93,86;359633900;-3,063605099890089;5053,94;5302,57;4751,24;4938,46;51430600;-2,31145954029567
518;2008/11/10 12:00:000;95,21;95,53;82,09;86,62;493619200;-9,455424251111925;5024,43;5135,15;4524,89;4710,24;38653600;-6,457315253117191
519;2008/11/17 12:00:000;86,38;88,56;74,34;79,52;606022200;-8,274760518423648;4700,5;4733,79;4034,96;4127,41;41489400;-13,001879442874115
520;2008/11/24 12:00:000;81,92;90,13;80,36;90,09;366465000;9,506600937215094;4167,71;4703,67;4154,55;4669,44;41332800;11,36724258483126
521;2008/12/01 12:00:000;87,51;88,42;81,86;87,93;455075600;0,47879708431710266;4653,12;4732,93;4304,03;4381,47;37695200;-6,015367782287177
522;2008/12/08 12:00:000;90,34;92,38;85,2;88,99;391991600;-1,5056326357687349;4548,87;4850,39;4521,52;4663,37;37570200;2,4859512267352555
523;2008/12/15 12:00:000;89,02;92,43;86,29;88,19;318467600;-0,9367485687618856;4718,39;4785,32;4627,46;4696,7;43910500;-0,4607505264759835
524;2008/12/22 12:00:000;88,58;88,67;85,49;87,16;150553500;-1,6160588418632988;4693,66;4718,6;4575,52;4629,38;13508200;-1,3789712068151498
525;2008/12/29 12:00:000;87,24;93,44;85,6;92,96;179401400;6,350635177017272;4660,17;4974,73;4655,91;4973,07;19678900;6,498542748514609
526;2009/01/05 12:00:000;92,63;94,45;85,36;89,09;288816800;-3,8965968533383606;5010,18;5111,02;4743,97;4783,89;30616100;-4,621781952214208
527;2009/01/12 12:00:000;88,84;88,91;81,72;85,06;400333300;-4,348010920073919;4765,38;4791,96;4295,76;4366,28;35109900;-8,746589409021666
530;2009/01/26 12:00:000;83,59;87,95;82,21;82,83;319910300;-0,9133581100892104;4165,71;4533,7;4145,12;4338,35;30912800;4,0607362214100275
531;2009/02/02 12:00:000;81,57;87,34;77,73;86,98;334677900;6,421665985700339;4309,17;4657,06;4198,15;4644,63;29316300;7,496640338493581
532;2009/02/09 12:00:000;86,96;87,74;81,05;82,76;372806200;-4,950338993561157;4627,83;4688,59;4371,47;4413,39;27702400;-4,744497408929213
533;2009/02/17 12:00:000;80,16;82,96;75,77;77,42;408979700;-3,477949218705255;4329,35;4329,7;4014,66;4014,66;30395800;-7,546475390038429
534;2009/02/23 12:00:000;78,27;79,67;73,81;73,93;420350500;-5,704568824773797;4057,25;4111,52;3764,69;3843,74;33318100;-5,405955327056383
535;2009/03/02 12:00:000;72,52;73,92;67,1;68,92;461797200;-5,0915974226921294;3817,51;3891,71;3638,0;3666,41;31379700;-4,03853959424628
536;2009/03/09 12:00:000;67,95;76,98;67,73;76,09;377991700;11,314470959127872;3677,07;4053,84;3588,89;3953,6;34270600;7,2510316855645005
537;2009/03/16 12:00:000;76,96;81,0;75,45;76,71;398066200;-0,3253728386246132;3990,83;4137,8;3947,28;4068,74;37791100;1,9334139895698796
538;2009/03/23 12:00:000;78,74;83,3;78,31;81,61;387267300;3,5800517965560155;4109,28;4272,12;4102,34;4203,55;31129300;2,2681575691853357
539;2009/03/30 12:00:000;79,8;84,61;77,96;84,26;365175500;5,438375209510744;4175,41;4456,3;3987,39;4384,99;33212900;4,897478824585959
540;2009/04/06 12:00:000;83,34;85,82;81,51;85,81;255967600;2,920692382472226;4421,71;4510,74;4228,89;4491,12;28730500;1,5575614755775358
541;2009/04/13 12:00:000;84,92;87,65;83,61;87,08;270004800;2,5117599531291352;4491,12;4686,29;4461,48;4676,84;26365500;4,052055433941742
542;2009/04/20 12:00:000;85,54;87,31;82,75;86,66;272156500;1,3008313513000747;4655,84;4674,73;4390,7;4674,32;38427100;0,39613520381538
543;2009/04/27 12:00:000;85,68;89,02;84,76;87,89;277308700;2,5466606437060424;4625,41;4837,22;4547,9;4769,45;31711200;3,0665978585028046
544;2009/05/04 12:00:000;88,55;93,22;88,38;92,98;287781400;4,881705203359619;4790,03;4980,3;4781,97;4913,9;37918000;2,553124942034502
545;2009/05/11 12:00:000;91,7;92,11;88,15;88,71;266315000;-3,3149756729923743;4907,29;4926,69;4653,25;4737,5;36476300;-3,5212284198905124
546;2009/05/18 12:00:000;89,55;92,8;88,26;89,02;231814400;-0,5936064919012567;4702,81;5060,76;4655,53;4918,75;31134200;4,489423078160063
549;2009/06/01 12:00:000;93,67;95,67;92,76;94,55;247358400;0,9350827883427273;4992,1;5177,59;4991,21;5077,03;26526400;1,6869782031408112
550;2009/06/08 12:00:000;93,84;96,11;93,04;95,08;243913400;1,312743814677303;5060,72;5133,4;4969,96;5069,24;22310800;0,1682139319209516
551;2009/06/15 12:00:000;93,96;94,02;90,83;92,04;220467000;-2,0645894623546788;5051,35;5051,35;4761,2;4839,46;38379800;-4,28523900383342
552;2009/06/22 12:00:000;91,14;92,24;88,85;91,84;219758200;0,7651146735519729;4837,28;4866,8;4669,8;4776,47;25498000;-1,265079932686794
553;2009/06/29 12:00:000;92,11;93,23;89,76;89,81;195680100;-2,5287187317285804;4768,11;4930,35;4685,27;4708,21;21836100;-1,2642206635685496
554;2009/07/06 12:00:000;88,94;89,93;87,0;87,96;191387300;-1,1079819395989956;4669,66;4703,3;4558,0;4576,31;20635300;-2,0193267353027466
555;2009/07/13 12:00:000;88,31;94,51;87,59;94,13;197903000;6,382345407841797;4564,94;5017,6;4524,01;4978,4;26785800;8,670318379533871
556;2009/07/20 12:00:000;94,68;98,14;94,19;98,06;198152800;3,507675157730388;5014,5;5301,91;5007,95;5229,36;26070900;4,195518410586903
557;2009/07/27 12:00:000;97,88;99,83;96,98;98,81;194655400;0,9456575632400668;5269,15;5396,95;5159,25;5332,14;31214200;1,1883599313898465
558;2009/08/03 12:00:000;99,85;102,03;99,31;101,2;190212500;1,3429696991541136;5330,87;5480,93;5309,35;5458,96;29191400;2,3743843548885315
559;2009/08/10 12:00:000;100,74;101,61;99,46;100,79;176663500;0,04962040492822668;5451,79;5455,27;5252,15;5309,11;25610500;-2,651978219763836
560;2009/08/17 12:00:000;98,85;103,13;98,11;102,97;200535600;4,083413405203353;5296,33;5478,18;5158,6;5462,74;26731800;3,093636751163335
561;2009/08/24 12:00:000;103,39;104,35;101,94;103,38;188892900;-0,009672583070848681;5482,6;5575,53;5432,06;5517,35;24820900;0,6318231555913412
562;2009/08/31 12:00:000;102,37;103,24;99,57;102,06;191078700;-0,3032825295854047;5474,62;5507,48;5263,11;5384,43;25318600;-1,6611411477418392
565;2009/09/14 12:00:000;103,88;108,06;103,15;106,72;187153200;2,6972195372766032;5599,58;5760,83;5532,3;5703,83;41063000;1,8446284092830671
566;2009/09/21 12:00:000;105,89;108,03;104,09;104,45;190732300;-1,3692331439788226;5698,53;5754,04;5559,47;5581,41;27410400;-2,076681419811254
567;2009/09/28 12:00:000;104,85;107,02;101,99;102,49;202598400;-2,2765524504457355;5595,36;5756,26;5442,32;5467,9;34455800;-2,304305238540812
568;2009/10/05 12:00:000;102,9;107,26;102,6;107,26;165976100;4,149815071477526;5477,81;5748,33;5440,23;5711,88;28699100;4,1842830365177015
569;2009/10/12 12:00:000;107,76;109,71;106,76;108,89;166617600;1,0431666255861005;5727,31;5885,78;5695,16;5743,39;35986900;0,28036668264591463
570;2009/10/19 12:00:000;109,07;110,31;107,5;108,08;208861600;-0,9118184288708034;5761,3;5888,21;5712,82;5740,25;31111800;-0,36603802970892874
571;2009/10/26 12:00:000;108,2;109,31;103,44;103,56;253566900;-4,383021152904423;5764,03;5799,42;5394,8;5414,96;39086900;-6,247138930527883
572;2009/11/02 12:00:000;104,13;107,4;103,08;107,13;216310300;2,8402931732662164;5410,61;5526,86;5312,64;5488,25;32038900;1,4247602660812522
573;2009/11/09 12:00:000;107,95;110,82;107,87;109,62;161793800;1,5351682657154055;5514,34;5726,38;5514,34;5686,83;25614100;3,0801003213442604
574;2009/11/16 12:00:000;110,38;111,69;109,01;109,43;171494700;-0,8643882581003423;5717,46;5843,27;5638,33;5663,15;29347600;-0,9544376317385819
575;2009/11/23 12:00:000;110,72;111,74;108,29;109,57;130499200;-1,0440877452057526;5689,38;5825,69;5519,48;5685,61;28050700;-0,06628577498598692
576;2009/11/30 12:00:000;109,48;112,38;108,12;111,01;179007200;1,3878403172077445;5691,84;5859,34;5607,82;5817,65;31781700;2,1862829928519774
577;2009/12/07 12:00:000;110,91;111,53;109,02;111,11;143153900;0,18016399792670362;5812,11;5812,69;5605,43;5756,29;25949600;-0,9650501922343369
578;2009/12/14 12:00:000;111,87;112,13;109,28;110,21;148177900;-1,4949846155388637;5803,2;5903,43;5752,21;5831,21;37299900;0,481503645077732
579;2009/12/21 12:00:000;110,76;112,6;110,76;112,48;90301900;1,5409729759593591;5841,81;5988,28;5841,69;5957,44;20381100;1,9600178273258093
580;2009/12/28 12:00:000;112,9;113,03;111,39;111,44;82964300;-1,301614168406619;5977,99;6026,69;5949,45;5957,43;11188800;-0,344521103343984
581;2010/01/04 12:00:000;112,37;114,62;111,51;114,57;120818500;1,938899198572334;5975,52;6058,02;5961,25;6037,61;27598100;1,0337114954967928
582;2010/01/11 12:00:000;115,08;115,14;113,2;113,64;151906600;-1,2591981697359962;6057,93;6094,26;5866,84;5875,97;34586400;-3,0497004785007293
585;2010/01/25 12:00:000;110,21;110,47;107,22;107,39;259350300;-2,5920568833325346;5662,85;5718,81;5540,33;5608,79;40086600;-0,959228905704347
586;2010/02/01 12:00:000;108,15;110,59;104,58;106,66;285445000;-1,387294722661171;5587,5;5733,71;5433,02;5434,34;39479600;-2,779388188295261
587;2010/02/08 12:00:000;106,74;108,25;105,81;108,04;266142500;1,2105558018616056;5476,47;5592,27;5434,4;5500,39;33089100;0,435826599998964
590;2010/02/22 12:00:000;111,55;111,58;108,94;110,74;189883700;-0,7287809483720461;5741,0;5743,89;5518,27;5598,46;31738700;-2,514185126382996
591;2010/03/01 12:00:000;111,2;114,34;111,17;114,25;154275200;2,7058647957831967;5652,85;5880,25;5641,18;5877,36;29233700;3,89478387394844
592;2010/03/08 12:00:000;114,26;115,97;113,87;115,46;155628500;1,0447596336470977;5891,74;5989,88;5838,17;5945,11;27098300;0,9017662919172341
593;2010/03/15 12:00:000;115,26;117,48;114,6;115,97;183205300;0,6141090960091464;5933,63;6041,95;5898,22;5982,43;40631300;0,8190672557982682
594;2010/03/22 12:00:000;115,31;118,17;115,24;116,58;198539300;1,0953578834378888;5960,85;6139,5;5910,85;6120,05;32388700;2,635717806748035
595;2010/03/29 12:00:000;117,17;118,25;116,61;117,8;150644900;0,5362399537422176;6150,17;6238,57;6108,23;6235,56;30230900;1,3788666943353214
596;2010/04/05 12:00:000;118,25;119,6;117,6;119,55;138503700;1,0933666532291335;6235,56;6265,32;6138,02;6249,7;23872600;0,2265071940111457
597;2010/04/12 12:00:000;119,7;121,57;118,75;119,36;181666700;-0,2844476108476821;6283,81;6310,76;6162,84;6180,9;39803200;-1,6512592483108461
598;2010/04/19 12:00:000;119,01;121,86;118,47;121,81;172252300;2,3254930517519052;6158,6;6287,54;6140,38;6259,53;46206500;1,6255623433372324
599;2010/04/26 12:00:000;121,85;122,12;118,25;118,81;252752100;-2,5265201601019136;6317,13;6341,52;6024,01;6135,7;60575600;-2,9140820010228294
600;2010/05/03 12:00:000;119,38;120,68;105,0;111,26;431397900;-7,044187809335653;6122,76;6197,0;5655,18;5715,09;67078200;-6,890293010102701
601;2010/05/10 12:00:000;115,81;117,68;112,87;113,89;305934000;-1,6717846910026553;5814,41;6276,8;5805,98;6056,71;53260900;4,082742927874849
602;2010/05/17 12:00:000;114,2;115,22;105,36;109,11;422473400;-4,559474955490254;6029,91;6181,26;5689,18;5829,25;61252500;-3,384373810761
603;2010/05/24 12:00:000;108,52;110,8;104,38;109,37;322970300;0,7802141556403595;5858,45;5980,78;5607,68;5946,18;41141400;1,4863933087954768
606;2010/06/07 12:00:000;107,2;109,75;104,65;109,68;284485100;2,2870786617357437;5876,48;6089,43;5798,76;6047,83;37243900;2,8741586817962284
607;2010/06/14 12:00:000;110,52;112,42;109,4;111,73;219806200;1,088874650403088;6113,46;6256,55;6089,32;6216,98;45635900;1,6791360612506139
608;2010/06/21 12:00:000;113,12;113,2;106,77;107,87;242877200;-4,752240376092493;6320,41;6330,81;6039,56;6070,6;27535500;-4,032663249843383
609;2010/06/28 12:00:000;108,03;108,32;101,13;102,2;288655900;-5,547728855928949;6097,37;6168,99;5827,25;5834,15;30229500;-4,4128948205184
612;2010/07/12 12:00:000;107,6;110,09;106,45;106,66;208753500;-0,8774442555227897;6079,95;6248,07;6018,64;6040,27;30212400;-0,654775932567583
613;2010/07/19 12:00:000;107,05;110,57;105,82;110,41;241240100;3,090469441535383;6034,87;6190,24;5906,04;6166,34;25267500;2,155115573336556
614;2010/07/26 12:00:000;110,6;112,29;108,98;110,27;198515400;-0,2988185317647267;6201,02;6253,64;6059,19;6147,97;30329800;-0,8591848619993708
615;2010/08/02 12:00:000;111,99;113,11;110,92;112,39;174658800;0,35653839355736905;6187,64;6386,97;6182,68;6259,63;31654500;1,1567324032437412
616;2010/08/09 12:00:000;112,92;113,18;107,6;108,31;207072900;-4,16821175376428;6326,62;6356,41;6068,82;6110,41;26741600;-3,4772254259162243
617;2010/08/16 12:00:000;107,57;110,39;106,75;107,53;195729900;-0,03719200414790482;6132,78;6229,46;5999,63;6005,16;26888600;-2,1029054845755275
618;2010/08/23 12:00:000;108,04;108,57;104,29;106,86;242698200;-1,098196239478959;6017,19;6055,23;5837,9;5951,17;24951100;-1,1032534055450325
619;2010/08/30 12:00:000;106,58;110,99;104,49;110,89;213261800;3,9642842096488202;5973,48;6178,01;5833,51;6134,62;26367900;2,6618464405562086
622;2010/09/13 12:00:000;112,58;113,29;111,98;112,49;190547000;-0,0799751231146028;6258,51;6321,2;6185,74;6209,76;40363100;-0,7819889756055576
623;2010/09/20 12:00:000;112,88;114,9;112,18;114,82;217258500;1,7040377194932257;6231,28;6339,97;6129,44;6298,3;34559000;1,0697986554187535
624;2010/09/27 12:00:000;114,86;115,79;113,18;114,61;195876100;-0,2178934927542641;6307,87;6339,36;6187,22;6211,34;35303000;-1,5421406471230132
625;2010/10/04 12:00:000;114,37;116,86;113,18;116,54;177406800;1,8795754921802754;6205,0;6321,79;6115,87;6291,67;31817300;1,3871117611592383
626;2010/10/11 12:00:000;116,72;118,55;115,65;117,7;188224900;0,8361110051700802;6308,43;6512,78;6228,39;6492,3;33834200;2,8730025121581706
627;2010/10/18 12:00:000;117,74;119,09;116,02;118,35;190331800;0,5167532359877658;6465,83;6623,94;6461,48;6605,84;27354700;2,1422718682214597
628;2010/10/25 12:00:000;119,14;119,76;117,26;118,49;162606800;-0,5470703371892867;6645,45;6668,54;6553,25;6601,37;31885700;-0,6655206713511366
629;2010/11/01 12:00:000;119,07;122,92;117,85;122,72;190963400;3,0193782155862494;6637,09;6775,17;6586,01;6754,2;30461200;1,7490919191300156
630;2010/11/08 12:00:000;122,34;122,95;119,65;120,2;192240500;-1,7647031713311587;6746,44;6810,86;6617,97;6734,61;34133400;-0,17550566219377606
631;2010/11/15 12:00:000;120,58;121,05;117,59;120,29;198078500;-0,24079390552782476;6705,13;6854,09;6653,57;6843,55;32949300;2,043369778374037
632;2010/11/22 12:00:000;119,69;120,24;117,99;118,8;154923400;-0,7463659956734509;6892,02;6901,93;6701,98;6848,98;31876600;-0,6264484499558505
633;2010/11/29 12:00:000;118,5;123,03;117,74;122,89;204222500;3,6376685721320072;6867,77;6977,91;6655,94;6947,72;38992500;1,1574094368602814
634;2010/12/06 12:00:000;122,63;124,6;122,41;124,48;137785500;1,4973368656146921;6970,24;7042,67;6926,57;7006,17;33048500;0,5141531931563508
635;2010/12/13 12:00:000;125,05;125,23;123,75;124,3;153599100;-0,6015658806962577;7027,58;7044,87;6964,13;6982,45;35923300;-0,6442549530402478
636;2010/12/20 12:00:000;124,64;125,82;123,98;125,6;90745700;0,7672671911660186;7000,38;7087,84;6992,67;7057,69;20128900;0,8153369201429613
637;2010/12/27 12:00:000;125,13;126,2;125,04;125,75;67860800;0,49426121028850317;7055,32;7056,34;6897,22;6914,19;10776900;-2,0206120582084584
638;2011/01/03 12:00:000;126,71;127,83;125,7;127,14;137732700;0,33878306974458994;6973,39;7047,59;6842,9;6947,84;30379200;-0,3670656786475311
639;2011/01/10 12:00:000;126,58;129,33;126,2;129,3;117468800;2,126076643065258;6920,36;7084,07;6835,74;7075,7;38008300;2,2198587166588064
642;2011/01/24 12:00:000;128,29;130,35;127,51;127,72;168297800;-0,44529584146674905;7080,78;7180,15;7000,41;7102,8;42329600;0,31050013736016535
643;2011/01/31 12:00:000;128,07;131,2;127,75;131,15;143011300;2,3764716874902465;7094,56;7226,64;7033,09;7216,21;35505900;1,7001591147343915
644;2011/02/07 12:00:000;131,44;133,28;131,3;133,11;131673400;1,2625380329915201;7222,05;7390,48;7214,05;7371,2;33371100;2,044166907826798
645;2011/02/14 12:00:000;133,03;134,69;132,32;134,53;118252500;1,1212555801637099;7403,83;7438,42;7364,04;7426,81;39083500;0,3098992139406446
648;2011/02/28 12:00:000;132,82;133,69;130,35;132,47;210822100;-0,26386234163973976;7173,59;7356,33;7122,69;7178,9;34943000;0,07399413261773555
649;2011/03/07 12:00:000;132,86;133,16;129,49;130,84;214425000;-1,5320739566911972;7137,81;7270,81;6963,31;6981,49;37283100;-2,2143645571249424
650;2011/03/14 12:00:000;129,99;130,48;125,28;127,76;309593700;-1,730402051317079;6896,31;6946,44;6483,39;6664,4;71174700;-3,4206558874520487
651;2011/03/21 12:00:000;129,35;131,87;128,32;131,3;149381300;1,496287267671254;6782,3;6985,25;6720,02;6946,36;34770100;2,3901503905143406
652;2011/03/28 12:00:000;131,58;133,77;130,44;133,15;132356600;1,186128060208944;6931,86;7192,38;6867,42;7179,81;30138100;3,514474485661575
653;2011/04/04 12:00:000;133,43;134,0;132,31;132,86;132164800;-0,42810535172341463;7178,59;7242,69;7129,41;7217,02;31875900;0,533914037567928
654;2011/04/11 12:00:000;133,0;133,45;130,27;132,04;155171700;-0,7244221236761559;7215,34;7224,74;7089,17;7178,29;42656800;-0,5148122027379078
655;2011/04/18 12:00:000;130,59;133,84;129,51;133,78;156771800;2,413401545794612;7165,99;7316,53;6994,56;7295,49;39840500;1,7910125609890848
656;2011/04/25 12:00:000;133,68;136,57;133,2;136,43;119054600;2,0362778287644456;7295,49;7514,69;7278,52;7514,46;29169700;2,9572815322696107
657;2011/05/02 12:00:000;137,07;137,18;133,02;134,2;179403800;-2,1160519705708496;7570,86;7600,41;7291,39;7492,25;55379800;-1,043751438549765
658;2011/05/09 12:00:000;134,19;136,11;133,39;134,04;150294200;-0,11184432437568138;7461,35;7566,41;7356,76;7403,31;40329600;-0,7809165491099155
659;2011/05/16 12:00:000;133,56;135,03;132,12;133,61;154332700;0,0374293525349038;7348,12;7415,65;7228,13;7266,82;42572800;-1,1125716372201535
660;2011/05/23 12:00:000;131,98;133,87;131,38;133,51;150544300;1,1525985446728144;7158,08;7217,24;7071,42;7163,47;39113300;0,07527118579324475
663;2011/06/06 12:00:000;130,09;130,36;127,26;127,6;187980300;-1,9326147702778222;7095,4;7183,78;6991,62;7069,9;30561100;-0,360035121675753
664;2011/06/13 12:00:000;127,89;129,77;126,32;127,05;242089100;-0,6589809679055553;7075,91;7231,49;7017,98;7164,05;40007100;1,2379406348919944
665;2011/06/20 12:00:000;126,62;129,81;126,19;126,81;217951000;0,14994281308278562;7078,59;7310,1;7063,86;7121,38;33502600;0,6026791538135887
666;2011/06/27 12:00:000;126,89;134,1;126,64;133,92;200927700;5,392203733234189;7101,15;7443,2;7075,19;7419,44;33984400;4,384683987080898
669;2011/07/11 12:00:000;132,75;133,22;130,68;131,69;212156300;-0,8016984399919501;7352,73;7358,5;6996,26;7220,12;34775900;-1,8200099568426986
670;2011/07/18 12:00:000;131,08;134,82;129,63;134,58;174367600;2,6350993929558175;7162,82;7357,25;7063,02;7326,39;20057900;2,257913981218747
671;2011/07/25 12:00:000;133,3;134,49;127,97;129,33;206386000;-3,0234949757510057;7273,6;7382,8;7063,82;7158,77;34893100;-1,5913176170228625
672;2011/08/01 12:00:000;130,84;130,96;116,86;120,08;443923300;-8,581701534497673;7254,5;7282,01;6152,62;6236,16;59065200;-15,125735763448112
673;2011/08/08 12:00:000;116,91;120,12;110,27;118,12;576882200;1,0296648856994486;6170,69;6272,94;5487,82;5997,74;75783900;-2,842793150240948
674;2011/08/15 12:00:000;119,19;121,2;112,5;112,64;346468900;-5,6521966084884925;6075,59;6106,11;5345,36;5480,0;42723900;-10,317400289247388
675;2011/08/22 12:00:000;115,17;119,4;112,41;117,97;295991600;2,402105717293502;5412,75;5777,04;5403,58;5537,48;37742800;2,2782241988227416
676;2011/08/29 12:00:000;119,56;123,51;117,43;117,85;248844800;-1,4405708033597062;5634,06;5869,65;5493,31;5538,33;33901400;-1,7137307752254274
679;2011/09/12 12:00:000;114,47;121,97;114,05;121,52;301800600;5,97660783571324;5063,59;5655,95;4965,8;5573,51;51761000;9,594929915159655
680;2011/09/19 12:00:000;119,53;121,99;111,3;113,54;319570800;-5,141218814730942;5447,32;5577,6;4973,92;5196,56;34965200;-4,712687639786439
681;2011/09/26 12:00:000;114,61;119,56;112,98;113,15;289125100;-1,2820688429061433;5128,56;5704,41;5118,19;5502,02;38304800;7,029037951339831
682;2011/10/03 12:00:000;112,49;117,25;107,43;115,71;335776200;2,822273208351157;5311,93;5749,13;5125,44;5675,7;35764300;6,623866940188372
683;2011/10/10 12:00:000;117,68;122,6;117,67;122,57;228971200;4,071321905989162;5705,4;6037,29;5652,99;5967,2;33719100;4,486471086749996
684;2011/10/17 12:00:000;121,99;124,12;119,2;123,97;257769100;1,6100526689409356;6021,29;6081,41;5747,65;5970,96;32209900;-0,8393803582080427
685;2011/10/24 12:00:000;124,17;129,42;122,21;128,6;275998500;3,505521737476823;6014,36;6430,6;5937,58;6346,19;39127400;5,370468973188204
686;2011/10/31 12:00:000;127,16;128,62;121,52;125,48;286163600;-1,3299752720124445;6283,19;6304,84;5762,26;5966,16;41130900;-5,177430892273479
687;2011/11/07 12:00:000;125,39;128,02;122,86;126,66;236163200;1,0077450885837704;5905,93;6087,06;5721,97;6057,03;33897900;2,5262650035595304
688;2011/11/14 12:00:000;126,19;127,45;121,23;121,98;225310000;-3,3931610796508984;6097,27;6116,07;5769,69;5800,24;29383100;-4,994183401268491
689;2011/11/21 12:00:000;120,2;120,35;116,2;116,34;192498100;-3,2640083618491715;5767,09;5771,7;5366,5;5492,87;23504000;-4,871673295002511
690;2011/11/28 12:00:000;119,54;126,5;118,82;124,86;226486300;4,35420662374899;5577,19;6169,64;5573,0;6080,68;37344700;8,643146650677142
691;2011/12/05 12:00:000;126,84;127,26;123,65;126,05;218376500;-0,6247796036217753;6137,87;6170,04;5802,36;5986,71;34567400;-2,4935763948849123
692;2011/12/12 12:00:000;124,95;125,57;121,3;121,59;223839000;-2,7258927972634535;5945,19;5952,55;5675,14;5701,78;38916200;-4,18040824691989
693;2011/12/19 12:00:000;122,06;126,43;120,03;126,39;163040900;3,48596375426859;5651,74;5965,35;5637,53;5878,93;22268300;3,941131021360786
694;2011/12/27 12:00:000;126,17;126,82;124,73;125,5;106072200;-0,5324445367811339;5900,7;5924,38;5771,27;5898,35;11697100;-0,0398337159529384
695;2012/01/03 12:00:000;127,76;128,38;126,43;127,71;160707300;-0,039143539858642475;6124,11;6179,03;6012,64;6057,92;25766000;-1,0866932910976115
696;2012/01/09 12:00:000;128,0;129,7;127,41;128,84;125034500;0,6541060543380937;6061,26;6256,95;5987,75;6143,08;32407600;1,3408545789176722
699;2012/01/23 12:00:000;131,51;133,4;130,6;131,82;150226300;0,23544612707003082;6387,33;6574,19;6339,0;6511,98;34689300;1,932721674820944
700;2012/01/30 12:00:000;130,51;134,62;130,06;134,54;148889400;3,041170041802354;6454,54;6767,46;6414,33;6766,67;35212400;4,722533081818279
701;2012/02/06 12:00:000;133,98;135,59;133,64;134,36;139818800;0,28322296639706546;6752,03;6838,13;6649,56;6692,96;32387900;-0,8786972704347633
702;2012/02/13 12:00:000;135,32;136,63;134,25;136,41;158560700;0,8022712592521208;6748,68;6874,53;6651,72;6848,03;30510500;1,4614089465564555
705;2012/02/27 12:00:000;136,02;138,19;135,8;137,31;145336200;0,9439209586167785;6817,46;6967,14;6743,65;6921,37;31540400;1,5126758446352795
706;2012/03/05 12:00:000;137,1;137,93;134,36;137,57;145278500;0,34222919046354705;6876,89;6912,42;6612,61;6880,21;36121200;0,048265987227725675
707;2012/03/12 12:00:000;137,55;140,78;137,09;140,3;150253900;1,9795499737831672;6868,97;7194,33;6846,9;7157,82;46589600;4,119129756437883
708;2012/03/19 12:00:000;140,21;141,28;138,55;139,65;125029300;-0,4002006341854451;7143,93;7154,83;6908,97;6995,62;31766800;-2,0978806165224686
709;2012/03/26 12:00:000;140,65;141,83;139,09;140,81;137809000;0,11369289933544717;7022,64;7153,68;6841,97;6946,83;30359200;-1,0853775301150006
710;2012/04/02 12:00:000;140,64;142,21;139,26;139,79;147970800;-0,6062137453829717;6973,99;7081,06;6685,8;6775,26;34014200;-2,890977194192449
713;2012/04/16 12:00:000;137,84;139,36;136,58;137,95;152290600;0,07977084436208927;6556,3;6812,84;6548,39;6750,12;35751700;2,9133863060031033
714;2012/04/23 12:00:000;136,54;140,79;135,94;140,39;145319500;2,7806651993725606;6666,79;6825,41;6499,07;6801,32;36940700;1,9978226275968722
715;2012/04/30 12:00:000;140,11;141,66;136,92;137,0;142538400;-2,244690255501527;6844,1;6875,87;6546,0;6561,47;33359800;-4,217230404312518
716;2012/05/07 12:00:000;136,51;137,56;134,49;135,61;173105700;-0,6614752915032263;6515,94;6589,01;6375,79;6579,93;31404900;0,9772624388493368
717;2012/05/14 12:00:000;134,31;135,61;129,55;129,74;229282700;-3,4618113136074498;6499,79;6520,86;6229,3;6271,22;30015300;-3,579895561779539
718;2012/05/21 12:00:000;130,16;133,23;129,95;132,1;176634700;1,479474861749736;6269,31;6446,0;6244,02;6339,94;28221800;1,1203003939724825
721;2012/06/04 12:00:000;128,39;133,53;127,14;133,1;175917200;3,602821879807372;5976,46;6230,22;5914,43;6130,82;25971500;2,550008992124436
722;2012/06/11 12:00:000;134,17;134,26;131,16;134,14;184751100;-0,022362193078917743;6255,65;6287,54;6078,22;6229,41;37178800;-0,4203430121412123
723;2012/06/18 12:00:000;133,58;136,25;132,33;133,46;162099300;-0,08987418220294398;6304,77;6427,49;6221,87;6263,25;26659900;-0,6607270047264565
724;2012/06/25 12:00:000;132,05;136,27;130,85;136,1;155518100;3,0209270914278945;6229,43;6416,28;6096,94;6416,28;29268400;2,9553674672976356
725;2012/07/02 12:00:000;136,48;137,8;134,85;135,49;121836000;-0,728024688502909;6405,39;6641,86;6390,55;6410,11;28488800;0,07366080470396642
726;2012/07/09 12:00:000;135,38;136,23;132,6;135,75;137324900;0,2729319733583219;6408,64;6557,1;6349,62;6557,1;27335600;2,2901352107192605
727;2012/07/16 12:00:000;135,44;138,18;134,55;136,47;124497400;0,7576072425142526;6550,95;6775,74;6511,18;6630,02;29034500;1,1997743486392018
728;2012/07/23 12:00:000;134,47;139,07;133,03;138,68;168185900;3,082799498104423;6561,87;6690,43;6324,53;6689,4;32216700;1,924856070999657
729;2012/07/30 12:00:000;138,52;139,64;135,58;139,35;144606600;0,5974034393735931;6729,19;6876,74;6596,21;6865,66;32900300;2,00773946375491
730;2012/08/06 12:00:000;139,72;140,92;139,56;140,84;95142000;0,7984074348220549;6845,88;6989,15;6845,88;6944,56;26062100;1,4311607797111527
731;2012/08/13 12:00:000;140,6;142,3;140,04;142,18;91144000;1,117488112477263;6935,51;7041,11;6882,03;7040,88;22098400;1,507857128082184
732;2012/08/20 12:00:000;141,98;143,09;140,22;141,51;105605500;-0,3315816646959871;7037,02;7105,43;6885,98;6971,07;22521800;-0,9416057045831587
733;2012/08/27 12:00:000;141,89;142,08;140,19;141,16;91691400;-0,5158110712152635;6960,02;7049,48;6871,0;6970,79;20586600;0,154621334232842
736;2012/09/10 12:00:000;144,19;148,11;143,46;147,24;131621300;2,09320341922649;7207,96;7446,47;7186,63;7412,13;33608700;2,7931876493975025
737;2012/09/17 12:00:000;146,94;147,19;145,63;145,87;121764000;-0,7308526094009468;7390,29;7478,53;7304,25;7451,62;40890900;0,8264482007776389
738;2012/09/24 12:00:000;145,15;146,24;142,95;143,97;127575100;-0,8162745932375114;7419,65;7440,49;7215,95;7216,15;30803700;-2,781031657147531
739;2012/10/01 12:00:000;144,52;147,16;143,83;146,14;123954000;1,1147160083632197;7227,81;7409,78;7225,29;7397,87;27476500;2,325603521752037
740;2012/10/08 12:00:000;145,6;146,12;142,58;142,89;119863800;-1,8788032281706926;7340,39;7341,28;7182,31;7232,49;24630700;-1,4808599510448641
741;2012/10/15 12:00:000;143,23;146,52;142,77;143,39;135818400;0,11164609351739957;7237,4;7447,81;7237,4;7380,64;30804700;1,9598329841627793
742;2012/10/22 12:00:000;143,15;143,67;140,39;141,35;143659000;-1,2653947404524766;7372,36;7390,1;7120,68;7231,85;26986700;-1,9242990314697217
745;2012/11/05 12:00:000;141,35;143,52;137,55;138,16;170464700;-2,282665030117622;7320,98;7434,96;7064,34;7163,5;30999000;-2,174551044225284
746;2012/11/12 12:00:000;138,59;139,25;134,7;136,37;165962600;-1,6148154210968613;7164,68;7196,0;6950,53;6950,53;29896000;-3,0345483071643766
747;2012/11/19 12:00:000;137,9;141,4;136,41;141,35;104605800;2,471029934034321;7020,23;7311,55;7007,21;7309,13;23941800;4,032827059718432
748;2012/11/26 12:00:000;140,65;142,51;139,0;142,15;138702200;1,0608303161143025;7286,69;7442,6;7265,44;7405,5;24109600;1,617357111394308
749;2012/12/03 12:00:000;142,8;142,92;140,37;142,41;122283200;-0,27348286741477523;7427,41;7554,51;7417,3;7517,8;26879700;1,2096330819292258
750;2012/12/10 12:00:000;142,21;144,55;141,88;142,1;134141500;-0,07738032815501131;7484,95;7626,4;7457,4;7596,47;25531300;1,4789327884200414
751;2012/12/17 12:00:000;142,47;145,58;141,94;142,79;177253400;0,22435682130637208;7604,16;7682,9;7564,07;7636,23;30823100;0,4208559929928713
752;2012/12/24 12:00:000;142,48;142,71;139,87;140,03;119387400;-1,734495361372046;7636,23;7676,5;7602,89;7612,39;6979000;-0,31268428781000257
753;2012/12/31 12:00:000;139,66;142,56;139,54;142,41;243935200;1,9499323813447045;7612,39;7612,39;7612,39;7612,39;0;0,0
